HP,Attack,Defense,Sp. Atk,Sp. Def,Speed,class
-0.9506262218221118,-0.9249061830568897,-0.7971536449711327,-0.23913030200278262,-0.2481885446599603,-0.8015031798028882,Bulbasaur
-0.3628220964103872,-0.5241302027314176,-0.34791741554189426,0.21955953559846322,0.29115635499949677,-0.2850152538210035,Ivysaur
0.42091673747191216,0.09244822853853919,0.2938486264998751,0.8311459857334578,1.0102828878787729,0.4036353141548428,Venusaur
0.42091673747191216,0.6473688166815004,1.5773807105834137,1.5038910808819517,1.729409420758049,0.4036353141548428,VenusaurMega Venusaur
-1.1857478719868015,-0.8324194183663961,-0.9896834575836636,-0.39202691453653127,-0.7875334443194173,-0.11285261182704193,Charmander
-0.4411959797986172,-0.462472359604422,-0.5083589260523366,0.21955953559846322,-0.2481885446599603,0.4036353141548428,Charmeleon
0.34254285408368224,0.1541060716655349,0.13340711598943278,1.1063598882942052,0.4709379882193158,1.0922858821306891,Charizard
0.34254285408368224,1.5722364635864357,1.1923210853583521,1.7485256609359494,0.4709379882193158,1.0922858821306891,CharizardMega Charizard X
0.34254285408368224,0.7706845029354917,0.13340711598943278,2.6353260136316914,1.5496277875382298,1.0922858821306891,CharizardMega Charizard Y
-0.9898131635162267,-0.9557351046203875,-0.2837408113377173,-0.6978201396040286,-0.2841448713039241,-0.8703682366004729,Squirtle
-0.40200903810450217,-0.4933012811679198,0.1975837201936097,-0.23913030200278262,0.29115635499949677,-0.35388031061858816,Wartortle
0.3817297957777972,0.12327715010203703,0.839349762235379,0.37245614813221184,1.1900645210985918,0.3347702573572582,Blastoise
0.3817297957777972,0.7398555813719939,1.4811158042771484,1.9014222734696982,1.5496277875382298,0.3347702573572582,BlastoiseMega Blastoise
-0.9506262218221118,-1.5106556927633488,-1.2463898744003714,-1.6151998148065203,-1.8662232436383315,-0.8015031798028882,Caterpie
-0.754691513351537,-1.8189449083983271,-0.604623832358602,-1.4623032022727716,-1.6864416104185125,-1.3179911057847729,Metapod
-0.3628220964103872,-1.0482218693108811,-0.7650653428690443,0.5253527606659605,0.29115635499949677,0.059310030166919644,Butterfree
-1.1465609302926867,-1.3565110849458595,-1.4068313849108136,-1.6151998148065203,-1.8662232436383315,-0.6293405378089266,Weedle
-0.9506262218221118,-1.6648003005808378,-0.7650653428690443,-1.4623032022727716,-1.6864416104185125,-1.1458284637908114,Kakuna
-0.16688738793981236,0.33907960104652196,-1.085948363889929,-0.8507167521377771,0.29115635499949677,0.23147267216088122,Beedrill
-0.16688738793981236,2.188814894856393,-1.085948363889929,-1.7680964273402688,0.29115635499949677,2.6417496600763433,BeedrillMega Beedrill
-1.1465609302926867,-1.0482218693108811,-1.085948363889929,-1.1565099772052745,-1.3268783439788745,-0.42274536741617275,Pidgey
-0.24526127132804232,-0.5857880458584134,-0.604623832358602,-0.6978201396040286,-0.7875334443194173,0.09374255856571197,Pidgeotto
0.538477562554257,0.030790385411543508,0.037142209683167365,-0.08623368946903401,-0.06840691144014126,1.1267184105294814,Pidgeot
0.538477562554257,0.030790385411543508,0.1975837201936097,1.9014222734696982,0.29115635499949677,1.8153689785053277,PidgeotMega Pidgeot
-1.5384303472338363,-0.7091037321124047,-1.2463898744003714,-1.4623032022727716,-1.3268783439788745,0.12817508696450428,Rattata
-0.558756804880962,0.06161930697504135,-0.44418232184815964,-0.6978201396040286,-0.06840691144014126,0.9889882969343121,Raticate
-1.1465609302926867,-0.5857880458584134,-1.4068313849108136,-1.2788272672322734,-1.4707036505547295,0.059310030166919644,Spearow
-0.16688738793981236,0.33907960104652196,-0.2837408113377173,-0.36144759202978155,-0.3920138512358155,1.0922858821306891,Fearow
-1.3424956387632614,-0.5857880458584134,-0.9575951554815751,-1.0036133646715257,-0.6437081377435622,-0.4571778958149651,Ekans
-0.3628220964103872,0.18493499322903273,-0.15538760292936343,-0.23913030200278262,0.25520002835553296,0.4036353141548428,Arbok
-1.3424956387632614,-0.7399326536759026,-1.085948363889929,-0.6978201396040286,-0.7875334443194173,0.7479605981427659,Pikachu
-0.3628220964103872,0.33907960104652196,-0.604623832358602,0.5253527606659605,0.29115635499949677,1.4366111661186123,Raichu
-0.754691513351537,-0.12335422240594572,0.358025230704052,-1.6151998148065203,-1.5066599771986935,-0.9736658217968498,Sandshrew
0.22498202900133732,0.6473688166815004,1.1602327832562638,-0.8507167521377771,-0.6077518110995983,-0.11285261182704193,Sandslash
-0.558756804880962,-0.9865640261838854,-0.7008887386648673,-1.0036133646715257,-1.1470967107590553,-0.9392332933980575,Nidoran♀
0.029047320530762477,-0.5241302027314176,-0.21956420713354038,-0.5449235270702799,-0.6077518110995983,-0.42274536741617275,Nidorina
0.8127861544130619,0.40073744417351764,0.422201834908229,0.06666292306471461,0.4709379882193158,0.26590520055967354,Nidoqueen
-0.9114392801279968,-0.6782748105489069,-1.085948363889929,-1.0036133646715257,-1.1470967107590553,-0.6293405378089266,Nidoran♂
-0.32363515471627224,-0.21584098709643926,-0.540447228154425,-0.5449235270702799,-0.6077518110995983,-0.11285261182704193,Nidorino
0.4601036791660271,0.7090266598084961,0.1013188138873443,0.37245614813221184,0.11137472177967776,0.5757979561488044,Nidoking
0.029047320530762477,-1.0482218693108811,-0.8292419470732213,-0.39202691453653127,-0.2481885446599603,-1.1458284637908114,Clefairy
1.0087208628836368,-0.2774988302234349,-0.02703439452100957,0.6782493731997091,0.6507196214391349,-0.2850152538210035,Clefable
-1.2249348136809166,-1.1715375555648724,-1.085948363889929,-0.6978201396040286,-0.2481885446599603,-0.11285261182704193,Vulpix
0.1466081456131074,-0.09252530084244787,0.037142209683167365,0.25013885810521297,1.0102828878787729,1.0922858821306891,Ninetales
1.792459696765936,-1.0482218693108811,-1.7277144059316982,-0.8507167521377771,-1.6864416104185125,-1.662316389772696,Jigglypuff
2.7721332391188103,-0.2774988302234349,-0.9255068533794867,0.37245614813221184,-0.7875334443194173,-0.8015031798028882,Wigglytuff
-1.1465609302926867,-1.0482218693108811,-1.2463898744003714,-1.309406589739023,-1.1470967107590553,-0.4571778958149651,Zubat
0.22498202900133732,0.030790385411543508,-0.12329930082727497,-0.23913030200278262,0.11137472177967776,0.7479605981427659,Golbat
-0.9506262218221118,-0.8940772614933918,-0.604623832358602,0.06666292306471461,-0.2481885446599603,-1.3179911057847729,Oddish
-0.3628220964103872,-0.43164343804092414,-0.12329930082727497,0.37245614813221184,0.11137472177967776,-0.9736658217968498,Gloom
0.22498202900133732,0.030790385411543508,0.358025230704052,1.136939210800955,0.6507196214391349,-0.6293405378089266,Vileplume
-1.3424956387632614,-0.2774988302234349,-0.604623832358602,-0.8507167521377771,-0.6077518110995983,-1.4901537477787345,Paras
-0.3628220964103872,0.4932242088640112,0.1975837201936097,-0.39202691453653127,0.29115635499949677,-1.3179911057847729,Parasect
-0.3628220964103872,-0.7399326536759026,-0.7650653428690443,-1.0036133646715257,-0.6077518110995983,-0.8015031798028882,Venonat
0.029047320530762477,-0.43164343804092414,-0.44418232184815964,0.5253527606659605,0.11137472177967776,0.7479605981427659,Venomoth
-2.3221691811161356,-0.7399326536759026,-1.567272895421256,-1.1565099772052745,-0.9673150775392364,0.9201232401367275,Diglett
-1.3424956387632614,0.030790385411543508,-0.7650653428690443,-0.6978201396040286,-0.06840691144014126,1.7809364501065355,Dugtrio
-1.1465609302926867,-1.0482218693108811,-1.2463898744003714,-1.0036133646715257,-1.1470967107590553,0.7479605981427659,Meowth
-0.16688738793981236,-0.2774988302234349,-0.44418232184815964,-0.23913030200278262,-0.2481885446599603,1.6087738081125738,Persian
-0.754691513351537,-0.8324194183663961,-0.8292419470732213,-0.23913030200278262,-0.7875334443194173,-0.4571778958149651,Psyduck
0.42091673747191216,0.09244822853853919,0.13340711598943278,0.6782493731997091,0.29115635499949677,0.5757979561488044,Golduck
-1.1465609302926867,0.030790385411543508,-1.2463898744003714,-1.1565099772052745,-0.9673150775392364,0.059310030166919644,Mankey
-0.16688738793981236,0.8015134244989897,-0.44418232184815964,-0.39202691453653127,-0.06840691144014126,0.9201232401367275,Primeape
-0.558756804880962,-0.2774988302234349,-0.9255068533794867,-0.08623368946903401,-0.7875334443194173,-0.2850152538210035,Growlithe
0.8127861544130619,0.9556580323164788,0.1975837201936097,0.8311459857334578,0.29115635499949677,0.9201232401367275,Arcanine
-1.1465609302926867,-0.8940772614933918,-1.085948363889929,-1.0036133646715257,-1.1470967107590553,0.7479605981427659,Poliwag
-0.16688738793981236,-0.43164343804092414,-0.2837408113377173,-0.6978201396040286,-0.7875334443194173,0.7479605981427659,Poliwhirl
0.8127861544130619,0.4932242088640112,0.6789082517249367,-0.08623368946903401,0.6507196214391349,0.059310030166919644,Poliwrath
-1.7343650557044112,-1.8189449083983271,-1.8881559164421406,0.9840425982672063,-0.6077518110995983,0.7479605981427659,Abra
-1.1465609302926867,-1.3565110849458595,-1.4068313849108136,1.4427324358684521,-0.06840691144014126,1.2644485241246506,Kadabra
-0.558756804880962,-0.8940772614933918,-0.9255068533794867,1.9014222734696982,0.8305012546589539,1.7809364501065355,Alakazam
-0.558756804880962,-0.8940772614933918,-0.2837408113377173,3.124595173739687,0.8305012546589539,2.813912302070305,AlakazamMega Alakazam
0.029047320530762477,0.030790385411543508,-0.7650653428690443,-1.1565099772052745,-1.3268783439788745,-1.1458284637908114,Machop
0.42091673747191216,0.6473688166815004,-0.12329930082727497,-0.6978201396040286,-0.4279701778797793,-0.8015031798028882,Machoke
0.8127861544130619,1.5722364635864357,0.1975837201936097,-0.23913030200278262,0.4709379882193158,-0.4571778958149651,Machamp
-0.754691513351537,-0.12335422240594572,-1.2463898744003714,-0.08623368946903401,-1.5066599771986935,-0.9736658217968498,Bellsprout
-0.16688738793981236,0.33907960104652196,-0.7650653428690443,0.37245614813221184,-0.9673150775392364,-0.4571778958149651,Weepinbell
0.42091673747191216,0.8015134244989897,-0.2837408113377173,0.8311459857334578,-0.06840691144014126,0.059310030166919644,Victreebel
-1.1465609302926867,-1.2023664771283702,-1.2463898744003714,-0.6978201396040286,1.0102828878787729,0.059310030166919644,Tentacool
0.42091673747191216,-0.2774988302234349,-0.2837408113377173,0.21955953559846322,1.729409420758049,1.0922858821306891,Tentacruel
-1.1465609302926867,0.030790385411543508,0.839349762235379,-1.309406589739023,-1.5066599771986935,-1.662316389772696,Geodude
-0.558756804880962,0.4932242088640112,1.320674293766706,-0.8507167521377771,-0.9673150775392364,-1.1458284637908114,Graveler
0.42091673747191216,1.2639472479514573,1.801998825298033,-0.5449235270702799,-0.2481885446599603,-0.8015031798028882,Golem
-0.754691513351537,0.18493499322903273,-0.604623832358602,-0.23913030200278262,-0.2481885446599603,0.7479605981427659,Ponyta
-0.16688738793981236,0.6473688166815004,-0.12329930082727497,0.21955953559846322,0.29115635499949677,1.2644485241246506,Rapidash
0.8127861544130619,-0.43164343804092414,-0.2837408113377173,-1.0036133646715257,-1.1470967107590553,-1.8344790317666577,Slowpoke
1.0087208628836368,-0.12335422240594572,1.1602327832562638,0.8311459857334578,0.29115635499949677,-1.3179911057847729,Slowbro
1.0087208628836368,-0.12335422240594572,3.4064139304024565,1.7485256609359494,0.29115635499949677,-1.3179911057847729,SlowbroMega Slowbro
-1.7343650557044112,-1.3565110849458595,-0.12329930082727497,0.6782493731997091,-0.6077518110995983,-0.8015031798028882,Magnemite
-0.754691513351537,-0.5857880458584134,0.6789082517249367,1.4427324358684521,-0.06840691144014126,0.059310030166919644,Magneton
-0.676317629963307,-0.43164343804092414,-0.604623832358602,-0.4531855595500307,-0.3560575245918517,-0.2850152538210035,Farfetch'd
-1.3424956387632614,0.18493499322903273,-0.9255068533794867,-1.1565099772052745,-1.3268783439788745,0.23147267216088122,Doduo
-0.3628220964103872,0.9556580323164788,-0.12329930082727497,-0.39202691453653127,-0.4279701778797793,1.0922858821306891,Dodrio
-0.16688738793981236,-1.0482218693108811,-0.604623832358602,-0.8507167521377771,-0.06840691144014126,-0.8015031798028882,Seel
0.8127861544130619,-0.2774988302234349,0.1975837201936097,-0.08623368946903401,0.8305012546589539,0.059310030166919644,Dewgong
0.42091673747191216,0.030790385411543508,-0.7650653428690443,-1.0036133646715257,-0.7875334443194173,-1.4901537477787345,Grimer
1.4005902798247865,0.8015134244989897,0.037142209683167365,-0.23913030200278262,1.0102828878787729,-0.6293405378089266,Muk
-1.5384303472338363,-0.43164343804092414,0.839349762235379,-0.8507167521377771,-1.6864416104185125,-0.9736658217968498,Shellder
-0.754691513351537,0.4932242088640112,3.4064139304024565,0.37245614813221184,-0.9673150775392364,0.059310030166919644,Cloyster
-1.5384303472338363,-1.3565110849458595,-1.4068313849108136,0.8311459857334578,-1.3268783439788745,0.4036353141548428,Gastly
-0.9506262218221118,-0.8940772614933918,-0.9255068533794867,1.2898358233347036,-0.6077518110995983,0.9201232401367275,Haunter
-0.3628220964103872,-0.43164343804092414,-0.44418232184815964,1.7485256609359494,0.11137472177967776,1.4366111661186123,Gengar
-0.3628220964103872,-0.43164343804092414,0.1975837201936097,2.9716985612059386,0.8305012546589539,2.1252617340944586,GengarMega Gengar
-1.3424956387632614,-1.0482218693108811,2.764647888360687,-1.309406589739023,-0.9673150775392364,0.059310030166919644,Onix
-0.3628220964103872,-0.9557351046203875,-0.9255068533794867,-0.9118753971512766,0.6507196214391349,-0.9048007649992652,Drowzee
0.616851445942487,-0.18501206553294142,-0.12329930082727497,0.005504278051215159,1.5496277875382298,-0.0439875550294573,Hypno
-1.5384303472338363,0.8015134244989897,0.5184667412144943,-1.4623032022727716,-1.6864416104185125,-0.6293405378089266,Krabby
-0.558756804880962,1.5722364635864357,1.320674293766706,-0.6978201396040286,-0.7875334443194173,0.23147267216088122,Kingler
-1.1465609302926867,-1.5106556927633488,-0.7650653428690443,-0.5449235270702799,-0.6077518110995983,1.0922858821306891,Voltorb
-0.3628220964103872,-0.8940772614933918,-0.12329930082727497,0.21955953559846322,0.29115635499949677,2.4695870180823816,Electrode
-0.3628220964103872,-1.2023664771283702,0.1975837201936097,-0.39202691453653127,-0.9673150775392364,-0.9736658217968498,Exeggcute
1.0087208628836368,0.4932242088640112,0.358025230704052,1.5956290484022009,-0.2481885446599603,-0.4571778958149651,Exeggutor
-0.754691513351537,-0.8940772614933918,0.6789082517249367,-1.0036133646715257,-0.7875334443194173,-1.1458284637908114,Cubone
-0.3628220964103872,0.030790385411543508,1.1602327832562638,-0.6978201396040286,0.29115635499949677,-0.8015031798028882,Marowak
-0.754691513351537,1.2639472479514573,-0.6688004365627789,-1.1565099772052745,1.3698461543184108,0.644663012946389,Hitmonlee
-0.754691513351537,0.8015134244989897,0.16549541809152124,-1.1565099772052745,1.3698461543184108,0.26590520055967354,Hitmonchan
0.8127861544130619,-0.7399326536759026,0.037142209683167365,-0.39202691453653127,0.11137472177967776,-1.3179911057847729,Lickitung
-1.1465609302926867,-0.43164343804092414,0.6789082517249367,-0.39202691453653127,-0.9673150775392364,-1.1458284637908114,Koffing
-0.16688738793981236,0.33907960104652196,1.4811158042771484,0.37245614813221184,-0.06840691144014126,-0.2850152538210035,Weezing
0.42091673747191216,0.18493499322903273,0.6789082517249367,-1.309406589739023,-1.5066599771986935,-1.4901537477787345,Rhyhorn
1.4005902798247865,1.5722364635864357,1.4811158042771484,-0.8507167521377771,-0.9673150775392364,-0.9736658217968498,Rhydon
7.082696825471457,-2.2813787318507948,-2.2090389374630255,-1.1565099772052745,1.1900645210985918,-0.6293405378089266,Chansey
-0.16688738793981236,-0.7399326536759026,1.320674293766706,0.8311459857334578,-1.1470967107590553,-0.2850152538210035,Tangela
1.4005902798247865,0.4932242088640112,0.1975837201936097,-1.0036133646715257,0.29115635499949677,0.7479605981427659,Kangaskhan
1.4005902798247865,1.4180918557689466,0.839349762235379,-0.39202691453653127,1.0102828878787729,1.0922858821306891,KangaskhanMega Kangaskhan
-1.5384303472338363,-1.2023664771283702,-0.12329930082727497,-0.08623368946903401,-1.6864416104185125,-0.2850152538210035,Horsea
-0.558756804880962,-0.43164343804092414,0.6789082517249367,0.6782493731997091,-0.9673150775392364,0.5757979561488044,Seadra
-0.9506262218221118,-0.36998559491392846,-0.44418232184815964,-1.1565099772052745,-0.7875334443194173,-0.18171766862462657,Goldeen
0.42091673747191216,0.40073744417351764,-0.2837408113377173,-0.23913030200278262,0.29115635499949677,-0.009555026630664985,Seaking
-1.5384303472338363,-1.0482218693108811,-0.604623832358602,-0.08623368946903401,-0.6077518110995983,0.5757979561488044,Staryu
-0.3628220964103872,-0.12335422240594572,0.358025230704052,0.8311459857334578,0.4709379882193158,1.6087738081125738,Starmie
-1.1465609302926867,-1.0482218693108811,-0.2837408113377173,0.8311459857334578,1.729409420758049,0.7479605981427659,Mr. Mime
0.029047320530762477,0.9556580323164788,0.1975837201936097,-0.5449235270702799,0.29115635499949677,1.2644485241246506,Scyther
-0.16688738793981236,-0.8940772614933918,-1.2463898744003714,1.2898358233347036,0.8305012546589539,0.9201232401367275,Jynx
-0.16688738793981236,0.12327715010203703,-0.540447228154425,0.6782493731997091,0.4709379882193158,1.2644485241246506,Electabuzz
-0.16688738793981236,0.4932242088640112,-0.540447228154425,0.8311459857334578,0.4709379882193158,0.8512581833391429,Magmar
-0.16688738793981236,1.4180918557689466,0.839349762235379,-0.5449235270702799,-0.06840691144014126,0.5757979561488044,Pinsir
-0.16688738793981236,2.3429595026738816,1.4811158042771484,-0.23913030200278262,0.6507196214391349,1.2644485241246506,PinsirMega Pinsir
0.22498202900133732,0.6473688166815004,0.6789082517249367,-1.0036133646715257,-0.06840691144014126,1.4366111661186123,Tauros
-1.930299764174986,-2.1272341240333055,-0.604623832358602,-1.7680964273402688,-1.8662232436383315,0.4036353141548428,Magikarp
1.0087208628836368,1.4180918557689466,0.16549541809152124,-0.39202691453653127,1.0102828878787729,0.4380678425536351,Gyarados
1.0087208628836368,2.3429595026738816,1.1281444811541752,-0.08623368946903401,2.088972687197687,0.4380678425536351,GyaradosMega Gyarados
2.380263822177661,0.18493499322903273,0.1975837201936097,0.37245614813221184,0.8305012546589539,-0.2850152538210035,Lapras
-0.8330653967397669,-0.9557351046203875,-0.8292419470732213,-0.758978784617528,-0.8594460976073449,-0.6982055946065113,Ditto
-0.558756804880962,-0.7399326536759026,-0.7650653428690443,-0.8507167521377771,-0.2481885446599603,-0.4571778958149651,Eevee
2.380263822177661,-0.43164343804092414,-0.44418232184815964,1.136939210800955,0.8305012546589539,-0.11285261182704193,Vaporeon
-0.16688738793981236,-0.43164343804092414,-0.44418232184815964,1.136939210800955,0.8305012546589539,2.1252617340944586,Jolteon
-0.16688738793981236,1.5722364635864357,-0.44418232184815964,0.6782493731997091,1.3698461543184108,-0.11285261182704193,Flareon
-0.16688738793981236,-0.5857880458584134,-0.12329930082727497,0.37245614813221184,0.11137472177967776,-0.9736658217968498,Porygon
-1.3424956387632614,-1.2023664771283702,0.839349762235379,0.5253527606659605,-0.6077518110995983,-1.1458284637908114,Omanyte
0.029047320530762477,-0.5857880458584134,1.6415573147875908,1.2898358233347036,-0.06840691144014126,-0.4571778958149651,Omastar
-1.5384303472338363,0.030790385411543508,0.5184667412144943,-0.5449235270702799,-0.9673150775392364,-0.4571778958149651,Kabuto
-0.3628220964103872,1.109802640133968,0.9997912727458214,-0.23913030200278262,-0.06840691144014126,0.4036353141548428,Kabutops
0.42091673747191216,0.8015134244989897,-0.2837408113377173,-0.39202691453653127,0.11137472177967776,2.1252617340944586,Aerodactyl
0.42091673747191216,1.726381071403925,0.358025230704052,-0.08623368946903401,0.8305012546589539,2.813912302070305,AerodactylMega Aerodactyl
3.55587207300111,0.9556580323164788,-0.2837408113377173,-0.23913030200278262,1.3698461543184108,-1.3179911057847729,Snorlax
0.8127861544130619,0.18493499322903273,0.839349762235379,0.6782493731997091,1.909191053977868,0.5757979561488044,Articuno
0.8127861544130619,0.33907960104652196,0.358025230704052,1.5956290484022009,0.6507196214391349,1.0922858821306891,Zapdos
0.8127861544130619,0.6473688166815004,0.5184667412144943,1.5956290484022009,0.4709379882193158,0.7479605981427659,Moltres
-1.1073739885985716,-0.462472359604422,-0.9255068533794867,-0.6978201396040286,-0.7875334443194173,-0.6293405378089266,Dratini
-0.32363515471627224,0.1541060716655349,-0.2837408113377173,-0.08623368946903401,-0.06840691144014126,0.059310030166919644,Dragonair
0.8519730961071769,1.6955521498404271,0.6789082517249367,0.8311459857334578,1.0102828878787729,0.4036353141548428,Dragonite
1.4397772215189013,0.9556580323164788,0.5184667412144943,2.4824294010979426,0.6507196214391349,2.1252617340944586,Mewtwo
1.4397772215189013,3.421971757396306,0.839349762235379,2.4824294010979426,1.0102828878787729,2.1252617340944586,MewtwoMega Mewtwo X
1.4397772215189013,2.188814894856393,-0.12329930082727497,3.705602301367932,1.729409420758049,2.4695870180823816,MewtwoMega Mewtwo Y
1.2046555713542115,0.6473688166815004,0.839349762235379,0.8311459857334578,1.0102828878787729,1.0922858821306891,Mew
-0.9506262218221118,-0.9249061830568897,-0.2837408113377173,-0.7283994621107782,-0.2481885446599603,-0.8015031798028882,Chikorita
-0.3628220964103872,-0.5241302027314176,0.1975837201936097,-0.30028894701628206,0.29115635499949677,-0.2850152538210035,Bayleef
0.42091673747191216,0.09244822853853919,0.839349762235379,0.3112975031187124,1.0102828878787729,0.4036353141548428,Meganium
-1.1857478719868015,-0.8324194183663961,-0.9896834575836636,-0.39202691453653127,-0.7875334443194173,-0.11285261182704193,Cyndaquil
-0.4411959797986172,-0.462472359604422,-0.5083589260523366,0.21955953559846322,-0.2481885446599603,0.4036353141548428,Quilava
0.34254285408368224,0.1541060716655349,0.13340711598943278,1.1063598882942052,0.4709379882193158,1.0922858821306891,Typhlosion
-0.754691513351537,-0.43164343804092414,-0.3158291134398058,-0.8812960746445269,-0.8594460976073449,-0.8703682366004729,Totodile
-0.16688738793981236,0.030790385411543508,0.1975837201936097,-0.422606237043281,-0.3201011979478879,-0.35388031061858816,Croconaw
0.616851445942487,0.8015134244989897,0.839349762235379,0.1889802130917135,0.3990253349313882,0.3347702573572582,Feraligatr
-1.3424956387632614,-1.017392947747383,-1.2784781765024598,-1.1565099772052745,-0.9673150775392364,-1.662316389772696,Sentret
0.616851445942487,-0.09252530084244787,-0.3158291134398058,-0.8507167521377771,-0.6077518110995983,0.7479605981427659,Furret
-0.3628220964103872,-1.5106556927633488,-1.4068313849108136,-1.1259306546985246,-0.5717954844556346,-0.6293405378089266,Hoothoot
1.2046555713542115,-0.8940772614933918,-0.7650653428690443,0.09724224557146434,0.8664575813029176,0.059310030166919644,Noctowl
-1.1465609302926867,-1.8189449083983271,-1.4068313849108136,-1.0036133646715257,0.29115635499949677,-0.4571778958149651,Ledyba
-0.558756804880962,-1.3565110849458595,-0.7650653428690443,-0.5449235270702799,1.3698461543184108,0.5757979561488044,Ledian
-1.1465609302926867,-0.5857880458584134,-1.085948363889929,-1.0036133646715257,-1.1470967107590553,-1.3179911057847729,Spinarak
0.029047320530762477,0.33907960104652196,-0.12329930082727497,-0.39202691453653127,-0.4279701778797793,-0.9736658217968498,Ariados
0.616851445942487,0.33907960104652196,0.1975837201936097,-0.08623368946903401,0.29115635499949677,2.1252617340944586,Crobat
0.22498202900133732,-1.264024320255366,-1.150124968094106,-0.5143442045635301,-0.5717954844556346,-0.0439875550294573,Chinchou
2.184329113707086,-0.6474458889854091,-0.5083589260523366,0.09724224557146434,0.14733104842364156,-0.0439875550294573,Lanturn
-1.930299764174986,-1.2023664771283702,-1.8881559164421406,-1.1565099772052745,-1.3268783439788745,-0.2850152538210035,Pichu
-0.754691513351537,-1.6648003005808378,-1.4710079891149905,-0.8507167521377771,-0.6077518110995983,-1.8344790317666577,Cleffa
0.8127861544130619,-1.5106556927633488,-1.8881559164421406,-1.0036133646715257,-1.8662232436383315,-1.8344790317666577,Igglybuff
-1.3424956387632614,-1.8189449083983271,-0.2837408113377173,-1.0036133646715257,-0.2481885446599603,-1.662316389772696,Togepi
-0.558756804880962,-1.2023664771283702,0.358025230704052,0.21955953559846322,1.1900645210985918,-0.9736658217968498,Togetic
-1.1465609302926867,-0.8940772614933918,-0.9255068533794867,-0.08623368946903401,-0.9673150775392364,0.059310030166919644,Natu
-0.16688738793981236,-0.12335422240594572,-0.12329930082727497,0.6782493731997091,-0.06840691144014126,0.9201232401367275,Xatu
-0.558756804880962,-1.2023664771283702,-1.085948363889929,-0.23913030200278262,-0.9673150775392364,-1.1458284637908114,Mareep
0.029047320530762477,-0.7399326536759026,-0.604623832358602,0.21955953559846322,-0.4279701778797793,-0.8015031798028882,Flaaffy
0.8127861544130619,-0.12335422240594572,0.358025230704052,1.2898358233347036,0.6507196214391349,-0.4571778958149651,Ampharos
0.8127861544130619,0.4932242088640112,0.9997912727458214,2.81880194867219,1.3698461543184108,-0.8015031798028882,AmpharosMega Ampharos
0.22498202900133732,0.030790385411543508,0.6789082517249367,0.5253527606659605,1.0102828878787729,-0.6293405378089266,Bellossom
0.029047320530762477,-1.8189449083983271,-0.7650653428690443,-1.6151998148065203,-0.7875334443194173,-0.9736658217968498,Marill
1.2046555713542115,-0.8940772614933918,0.1975837201936097,-0.39202691453653127,0.29115635499949677,-0.6293405378089266,Azumarill
0.029047320530762477,0.6473688166815004,1.320674293766706,-1.309406589739023,-0.2481885446599603,-1.3179911057847729,Sudowoodo
0.8127861544130619,-0.12335422240594572,0.037142209683167365,0.5253527606659605,1.0102828878787729,0.059310030166919644,Politoed
-1.3424956387632614,-1.3565110849458595,-1.085948363889929,-1.1565099772052745,-0.6077518110995983,-0.6293405378089266,Hoppip
-0.558756804880962,-1.0482218693108811,-0.7650653428690443,-0.8507167521377771,-0.2481885446599603,0.4036353141548428,Skiploom
0.22498202900133732,-0.7399326536759026,-0.12329930082727497,-0.5449235270702799,0.8305012546589539,1.4366111661186123,Jumpluff
-0.558756804880962,-0.2774988302234349,-0.604623832358602,-1.0036133646715257,-0.6077518110995983,0.5757979561488044,Aipom
-1.5384303472338363,-1.5106556927633488,-1.4068313849108136,-1.309406589739023,-1.5066599771986935,-1.3179911057847729,Sunkern
0.22498202900133732,-0.12335422240594572,-0.604623832358602,0.9840425982672063,0.4709379882193158,-1.3179911057847729,Sunflora
-0.16688738793981236,-0.43164343804092414,-0.9255068533794867,0.06666292306471461,-0.9673150775392364,0.9201232401367275,Yanma
-0.558756804880962,-1.0482218693108811,-0.9255068533794867,-1.4623032022727716,-1.6864416104185125,-1.8344790317666577,Wooper
1.0087208628836368,0.18493499322903273,0.358025230704052,-0.23913030200278262,-0.2481885446599603,-1.1458284637908114,Quagsire
-0.16688738793981236,-0.43164343804092414,-0.44418232184815964,1.7485256609359494,0.8305012546589539,1.4366111661186123,Espeon
1.0087208628836368,-0.43164343804092414,1.1602327832562638,-0.39202691453653127,2.088972687197687,-0.11285261182704193,Umbreon
-0.3628220964103872,0.18493499322903273,-1.021771759685752,0.37245614813221184,-1.0751840574711278,0.7823931265415582,Murkrow
1.0087208628836368,-0.12335422240594572,0.1975837201936097,0.8311459857334578,1.3698461543184108,-1.3179911057847729,Slowking
-0.3628220964103872,-0.5857880458584134,-0.44418232184815964,0.37245614813221184,0.4709379882193158,0.5757979561488044,Misdreavus
-0.8330653967397669,-0.21584098709643926,-0.8292419470732213,-0.025075044455534566,-0.8594460976073449,-0.6982055946065113,Unown
4.731480323824559,-1.418168928072855,-0.5083589260523366,-1.2176686222187738,-0.49988283116770693,-1.214693520588396,Wobbuffet
0.029047320530762477,0.030790385411543508,-0.2837408113377173,0.5253527606659605,-0.2481885446599603,0.5757979561488044,Girafarig
-0.754691513351537,-0.43164343804092414,0.5184667412144943,-1.1565099772052745,-1.3268783439788745,-1.8344790317666577,Pineco
0.22498202900133732,0.33907960104652196,2.1228818463189176,-0.39202691453653127,-0.4279701778797793,-0.9736658217968498,Forretress
1.2046555713542115,-0.2774988302234349,-0.12329930082727497,-0.23913030200278262,-0.2481885446599603,-0.8015031798028882,Dunsparce
-0.16688738793981236,-0.12335422240594572,0.9997912727458214,-1.1565099772052745,-0.2481885446599603,0.5757979561488044,Gligar
0.22498202900133732,0.18493499322903273,4.048179972444226,-0.5449235270702799,-0.2481885446599603,-1.3179911057847729,Steelix
0.22498202900133732,1.4180918557689466,5.010829035506879,-0.5449235270702799,0.8305012546589539,-1.3179911057847729,SteelixMega Steelix
-0.3628220964103872,0.030790385411543508,-0.7650653428690443,-1.0036133646715257,-1.1470967107590553,-1.3179911057847729,Snubbull
0.8127861544130619,1.2639472479514573,0.037142209683167365,-0.39202691453653127,-0.4279701778797793,-0.8015031798028882,Granbull
-0.16688738793981236,0.4932242088640112,0.037142209683167365,-0.5449235270702799,-0.6077518110995983,0.5757979561488044,Qwilfish
0.029047320530762477,1.5722364635864357,0.839349762235379,-0.5449235270702799,0.29115635499949677,-0.11285261182704193,Scizor
0.029047320530762477,2.188814894856393,2.1228818463189176,-0.23913030200278262,1.0102828878787729,0.23147267216088122,ScizorMega Scizor
-1.930299764174986,-2.1272341240333055,5.010829035506879,-1.9209930398740176,5.684605351594067,-2.1788043157545807,Shuckle
0.42091673747191216,1.4180918557689466,0.037142209683167365,-1.0036133646715257,0.8305012546589539,0.5757979561488044,Heracross
0.42091673747191216,3.2678271495788174,1.320674293766706,-1.0036133646715257,1.1900645210985918,0.23147267216088122,HeracrossMega Heracross
-0.558756804880962,0.4932242088640112,-0.604623832358602,-1.1565099772052745,0.11137472177967776,1.6087738081125738,Sneasel
-0.3628220964103872,0.030790385411543508,-0.7650653428690443,-0.6978201396040286,-0.7875334443194173,-0.9736658217968498,Teddiursa
0.8127861544130619,1.5722364635864357,0.037142209683167365,0.06666292306471461,0.11137472177967776,-0.4571778958149651,Ursaring
-1.1465609302926867,-1.2023664771283702,-1.085948363889929,-0.08623368946903401,-1.1470967107590553,-1.662316389772696,Slugma
-0.754691513351537,-0.8940772614933918,1.4811158042771484,0.21955953559846322,0.29115635499949677,-1.3179911057847729,Magcargo
-0.754691513351537,-0.8940772614933918,-1.085948363889929,-1.309406589739023,-1.5066599771986935,-0.6293405378089266,Swinub
1.2046555713542115,0.6473688166815004,0.1975837201936097,-0.39202691453653127,-0.4279701778797793,-0.6293405378089266,Piloswine
-0.558756804880962,-0.7399326536759026,0.358025230704052,-0.23913030200278262,0.4709379882193158,-1.1458284637908114,Corsola
-1.3424956387632614,-0.43164343804092414,-1.2463898744003714,-0.23913030200278262,-1.3268783439788745,-0.11285261182704193,Remoraid
0.22498202900133732,0.8015134244989897,0.037142209683167365,0.9840425982672063,0.11137472177967776,-0.8015031798028882,Octillery
-0.9506262218221118,-0.7399326536759026,-0.9255068533794867,-0.23913030200278262,-0.9673150775392364,0.23147267216088122,Delibird
-0.16688738793981236,-1.2023664771283702,-0.12329930082727497,0.21955953559846322,2.4485359536373252,0.059310030166919644,Mantine
-0.16688738793981236,0.030790385411543508,2.1228818463189176,-1.0036133646715257,-0.06840691144014126,0.059310030166919644,Skarmory
-0.9506262218221118,-0.5857880458584134,-1.4068313849108136,0.21955953559846322,-0.7875334443194173,-0.11285261182704193,Houndour
0.22498202900133732,0.33907960104652196,-0.7650653428690443,1.136939210800955,0.29115635499949677,0.9201232401367275,Houndoom
0.22498202900133732,0.33907960104652196,0.5184667412144943,2.054318886003447,0.6507196214391349,1.6087738081125738,HoundoomMega Houndoom
0.22498202900133732,0.4932242088640112,0.6789082517249367,0.6782493731997091,0.8305012546589539,0.5757979561488044,Kingdra
0.8127861544130619,-0.5857880458584134,-0.44418232184815964,-1.0036133646715257,-1.1470967107590553,-0.9736658217968498,Phanpy
0.8127861544130619,1.2639472479514573,1.4811158042771484,-0.39202691453653127,-0.4279701778797793,-0.6293405378089266,Donphan
0.616851445942487,0.030790385411543508,0.5184667412144943,0.9840425982672063,0.8305012546589539,-0.2850152538210035,Porygon2
0.1466081456131074,0.4932242088640112,-0.3800057176439827,0.37245614813221184,-0.2481885446599603,0.5757979561488044,Stantler
-0.558756804880962,-1.8189449083983271,-1.2463898744003714,-1.6151998148065203,-0.9673150775392364,0.23147267216088122,Smeargle
-1.3424956387632614,-1.3565110849458595,-1.2463898744003714,-1.1565099772052745,-1.3268783439788745,-1.1458284637908114,Tyrogue
-0.754691513351537,0.4932242088640112,0.6789082517249367,-1.1565099772052745,1.3698461543184108,0.059310030166919644,Hitmontop
-0.9506262218221118,-1.5106556927633488,-1.8881559164421406,0.37245614813221184,-0.2481885446599603,-0.11285261182704193,Smoochum
-0.9506262218221118,-0.4933012811679198,-1.1822132701961945,-0.23913030200278262,-0.6077518110995983,0.9201232401367275,Elekid
-0.9506262218221118,-0.12335422240594572,-1.1822132701961945,-0.08623368946903401,-0.6077518110995983,0.5069328993512198,Magby
1.0087208628836368,0.030790385411543508,0.9997912727458214,-1.0036133646715257,-0.06840691144014126,1.0922858821306891,Miltank
7.278631533942032,-2.1272341240333055,-2.048597426952583,0.06666292306471461,2.268754320417506,-0.4571778958149651,Blissey
0.8127861544130619,0.18493499322903273,0.037142209683167365,1.2898358233347036,1.0102828878787729,1.6087738081125738,Raikou
1.792459696765936,1.109802640133968,0.358025230704052,0.5253527606659605,0.11137472177967776,1.0922858821306891,Entei
1.2046555713542115,-0.12335422240594572,1.320674293766706,0.5253527606659605,1.5496277875382298,0.5757979561488044,Suicune
-0.754691513351537,-0.462472359604422,-0.7650653428690443,-0.8507167521377771,-0.7875334443194173,-0.9392332933980575,Larvitar
0.029047320530762477,0.1541060716655349,-0.12329930082727497,-0.23913030200278262,-0.06840691144014126,-0.5949080094101343,Pupitar
1.2046555713542115,1.6955521498404271,1.1602327832562638,0.6782493731997091,1.0102828878787729,-0.2505827254222112,Tyranitar
1.2046555713542115,2.6204197967453626,2.4437648673398025,0.6782493731997091,1.729409420758049,0.09374255856571197,TyranitarMega Tyranitar
1.4397772215189013,0.33907960104652196,1.801998825298033,0.5253527606659605,2.9519245266528182,1.4366111661186123,Lugia
1.4397772215189013,1.5722364635864357,0.5184667412144943,1.136939210800955,2.9519245266528182,0.7479605981427659,Ho-oh
1.2046555713542115,0.6473688166815004,0.839349762235379,0.8311459857334578,1.0102828878787729,1.0922858821306891,Celebi
-1.1465609302926867,-1.0482218693108811,-1.2463898744003714,-0.23913030200278262,-0.6077518110995983,0.059310030166919644,Treecko
-0.754691513351537,-0.43164343804092414,-0.9255068533794867,0.37245614813221184,-0.2481885446599603,0.9201232401367275,Grovyle
0.029047320530762477,0.18493499322903273,-0.2837408113377173,0.9840425982672063,0.4709379882193158,1.7809364501065355,Sceptile
0.029047320530762477,0.9556580323164788,0.037142209683167365,2.2072154985371952,0.4709379882193158,2.6417496600763433,SceptileMega Sceptile
-0.9506262218221118,-0.5857880458584134,-1.085948363889929,-0.08623368946903401,-0.7875334443194173,-0.8015031798028882,Torchic
-0.3628220964103872,0.18493499322903273,-0.44418232184815964,0.37245614813221184,-0.4279701778797793,-0.4571778958149651,Combusken
0.42091673747191216,1.2639472479514573,-0.12329930082727497,1.136939210800955,-0.06840691144014126,0.4036353141548428,Blaziken
0.42091673747191216,2.497104110491371,0.1975837201936097,1.7485256609359494,0.29115635499949677,1.0922858821306891,BlazikenMega Blaziken
-0.754691513351537,-0.2774988302234349,-0.7650653428690443,-0.6978201396040286,-0.7875334443194173,-0.9736658217968498,Mudkip
0.029047320530762477,0.18493499322903273,-0.12329930082727497,-0.39202691453653127,-0.06840691144014126,-0.6293405378089266,Marshtomp
1.2046555713542115,0.9556580323164788,0.5184667412144943,0.37245614813221184,0.6507196214391349,-0.2850152538210035,Swampert
1.2046555713542115,2.188814894856393,1.1602327832562638,0.6782493731997091,1.3698461543184108,0.059310030166919644,SwampertMega Swampert
-1.3424956387632614,-0.7399326536759026,-1.2463898744003714,-1.309406589739023,-1.5066599771986935,-1.1458284637908114,Poochyena
0.029047320530762477,0.33907960104652196,-0.12329930082727497,-0.39202691453653127,-0.4279701778797793,0.059310030166919644,Mightyena
-1.2249348136809166,-1.5106556927633488,-1.0538600617878404,-1.309406589739023,-1.1111403841150915,-0.2850152538210035,Zigzagoon
0.34254285408368224,-0.2774988302234349,-0.4120940197460712,-0.6978201396040286,-0.3920138512358155,1.0922858821306891,Linoone
-0.9506262218221118,-1.0482218693108811,-1.2463898744003714,-1.6151998148065203,-1.5066599771986935,-1.662316389772696,Wurmple
-0.754691513351537,-1.3565110849458595,-0.604623832358602,-1.4623032022727716,-1.6864416104185125,-1.8344790317666577,Silcoon
-0.3628220964103872,-0.2774988302234349,-0.7650653428690443,0.8311459857334578,-0.7875334443194173,-0.11285261182704193,Beautifly
-0.754691513351537,-1.3565110849458595,-0.604623832358602,-1.4623032022727716,-1.6864416104185125,-1.8344790317666577,Cascoon
-0.3628220964103872,-0.8940772614933918,-0.12329930082727497,-0.6978201396040286,0.6507196214391349,-0.11285261182704193,Dustox
-1.1465609302926867,-1.5106556927633488,-1.4068313849108136,-1.0036133646715257,-0.7875334443194173,-1.3179911057847729,Lotad
-0.3628220964103872,-0.8940772614933918,-0.7650653428690443,-0.39202691453653127,-0.06840691144014126,-0.6293405378089266,Lombre
0.42091673747191216,-0.2774988302234349,-0.12329930082727497,0.5253527606659605,1.0102828878787729,0.059310030166919644,Ludicolo
-1.1465609302926867,-1.2023664771283702,-0.7650653428690443,-1.309406589739023,-1.5066599771986935,-1.3179911057847729,Seedot
0.029047320530762477,-0.2774988302234349,-1.085948363889929,-0.39202691453653127,-1.1470967107590553,-0.2850152538210035,Nuzleaf
0.8127861544130619,0.6473688166815004,-0.44418232184815964,0.5253527606659605,-0.4279701778797793,0.4036353141548428,Shiftry
-1.1465609302926867,-0.7399326536759026,-1.4068313849108136,-1.309406589739023,-1.5066599771986935,0.5757979561488044,Taillow
-0.3628220964103872,0.18493499322903273,-0.44418232184815964,-0.6978201396040286,-0.7875334443194173,1.953099092100497,Swellow
-1.1465609302926867,-1.5106556927633488,-1.4068313849108136,-0.5449235270702799,-1.5066599771986935,0.5757979561488044,Wingull
-0.3628220964103872,-0.8940772614933918,0.839349762235379,0.37245614813221184,-0.06840691144014126,-0.11285261182704193,Pelipper
-1.6168042306220662,-1.6648003005808378,-1.567272895421256,-0.8507167521377771,-1.3268783439788745,-0.9736658217968498,Ralts
-1.2249348136809166,-1.3565110849458595,-1.2463898744003714,-0.23913030200278262,-0.6077518110995983,-0.6293405378089266,Kirlia
-0.04932656285746746,-0.43164343804092414,-0.2837408113377173,1.5956290484022009,1.5496277875382298,0.4036353141548428,Gardevoir
-0.04932656285746746,0.18493499322903273,-0.2837408113377173,2.81880194867219,2.268754320417506,1.0922858821306891,GardevoirMega Gardevoir
-1.1465609302926867,-1.5106556927633488,-1.3426547807066367,-0.6978201396040286,-0.7156207910314898,-0.11285261182704193,Surskit
0.029047320530762477,-0.5857880458584134,-0.3800057176439827,0.21955953559846322,0.3630690082874244,-0.2850152538210035,Masquerain
-0.3628220964103872,-1.2023664771283702,-0.44418232184815964,-1.0036133646715257,-0.4279701778797793,-1.1458284637908114,Shroomish
-0.3628220964103872,1.5722364635864357,0.1975837201936097,-0.39202691453653127,-0.4279701778797793,0.059310030166919644,Breloom
-0.3628220964103872,-0.5857880458584134,-0.44418232184815964,-1.1565099772052745,-1.3268783439788745,-1.3179911057847729,Slakoth
0.42091673747191216,0.030790385411543508,0.1975837201936097,-0.5449235270702799,-0.6077518110995983,0.7479605981427659,Vigoroth
3.16400265605996,2.497104110491371,0.839349762235379,0.6782493731997091,-0.2481885446599603,1.0922858821306891,Slaking
-1.4992434055397212,-1.0482218693108811,0.5184667412144943,-1.309406589739023,-1.5066599771986935,-0.9736658217968498,Nincada
-0.32363515471627224,0.33907960104652196,-0.9255068533794867,-0.6978201396040286,-0.7875334443194173,3.158237586058228,Ninjask
-2.6748516563631703,0.33907960104652196,-0.9255068533794867,-1.309406589739023,-1.5066599771986935,-0.9736658217968498,Shedinja
-0.20607432963392736,-0.863248339929894,-1.631449499625433,-0.6672408170972788,-1.75835426370644,-1.3868561625823577,Whismur
0.577664504248372,-0.2466699086599371,-0.9896834575836636,-0.05565436696228429,-1.039227730827164,-0.6982055946065113,Loudred
1.3614033381306714,0.3699085226100198,-0.34791741554189426,0.5559320831727103,0.03946206849175015,-0.009555026630664985,Exploud
0.10742120391899242,-0.5857880458584134,-1.4068313849108136,-1.6151998148065203,-1.5066599771986935,-1.4901537477787345,Makuhita
2.92888100589527,1.2639472479514573,-0.44418232184815964,-1.0036133646715257,-0.4279701778797793,-0.6293405378089266,Hariyama
-0.754691513351537,-1.8189449083983271,-1.085948363889929,-1.6151998148065203,-1.1470967107590553,-1.662316389772696,Azurill
-1.5384303472338363,-1.0482218693108811,1.9624403358084754,-0.8507167521377771,0.6507196214391349,-1.3179911057847729,Nosepass
-0.754691513351537,-1.0482218693108811,-0.9255068533794867,-1.1565099772052745,-1.3268783439788745,-0.6293405378089266,Skitty
0.029047320530762477,-0.43164343804092414,-0.2837408113377173,-0.5449235270702799,-0.6077518110995983,0.059310030166919644,Delcatty
-0.754691513351537,-0.12335422240594572,0.037142209683167365,-0.23913030200278262,-0.2481885446599603,-0.6293405378089266,Sableye
-0.754691513351537,0.18493499322903273,1.6415573147875908,0.37245614813221184,1.5496277875382298,-1.662316389772696,SableyeMega Sableye
-0.754691513351537,0.18493499322903273,0.358025230704052,-0.5449235270702799,-0.6077518110995983,-0.6293405378089266,Mawile
-0.754691513351537,0.8015134244989897,1.6415573147875908,-0.5449235270702799,0.8305012546589539,-0.6293405378089266,MawileMega Mawile
-0.754691513351537,-0.2774988302234349,0.839349762235379,-1.0036133646715257,-1.1470967107590553,-1.3179911057847729,Aron
-0.3628220964103872,0.33907960104652196,2.1228818463189176,-0.6978201396040286,-0.7875334443194173,-0.9736658217968498,Lairon
0.029047320530762477,0.9556580323164788,3.4064139304024565,-0.39202691453653127,-0.4279701778797793,-0.6293405378089266,Aggron
0.029047320530762477,1.8805256792214142,5.010829035506879,-0.39202691453653127,0.29115635499949677,-0.6293405378089266,AggronMega Aggron
-1.5384303472338363,-1.2023664771283702,-0.604623832358602,-1.0036133646715257,-0.6077518110995983,-0.2850152538210035,Meditite
-0.3628220964103872,-0.5857880458584134,0.037142209683167365,-0.39202691453653127,0.11137472177967776,0.4036353141548428,Medicham
-0.3628220964103872,0.6473688166815004,0.358025230704052,0.21955953559846322,0.4709379882193158,1.0922858821306891,MedichamMega Medicham
-1.1465609302926867,-1.0482218693108811,-1.085948363889929,-0.23913030200278262,-1.1470967107590553,-0.11285261182704193,Electrike
0.029047320530762477,-0.12335422240594572,-0.44418232184815964,0.9840425982672063,-0.4279701778797793,1.2644485241246506,Manectric
0.029047320530762477,-0.12335422240594572,0.1975837201936097,1.9014222734696982,0.29115635499949677,2.2974243760884203,ManectricMega Manectric
-0.3628220964103872,-0.8940772614933918,-1.085948363889929,0.37245614813221184,0.11137472177967776,0.9201232401367275,Plusle
-0.3628220964103872,-1.2023664771283702,-0.7650653428690443,0.06666292306471461,0.4709379882193158,0.9201232401367275,Minun
-0.16688738793981236,-0.18501206553294142,-0.604623832358602,-0.7895581071242777,0.11137472177967776,0.5757979561488044,Volbeat
-0.16688738793981236,-0.9865640261838854,-0.604623832358602,0.005504278051215159,0.11137472177967776,0.5757979561488044,Illumise
-0.754691513351537,-0.5857880458584134,-0.9255068533794867,0.8311459857334578,0.29115635499949677,-0.11285261182704193,Roselia
0.029047320530762477,-1.1098797124378768,-0.6688004365627789,-0.9118753971512766,-0.6796644643875259,-0.9736658217968498,Gulpin
1.2046555713542115,-0.18501206553294142,0.2938486264998751,0.005504278051215159,0.3990253349313882,-0.4571778958149651,Swalot
-0.9506262218221118,0.33907960104652196,-1.7277144059316982,-0.23913030200278262,-1.8662232436383315,-0.11285261182704193,Carvanha
0.029047320530762477,1.2639472479514573,-1.085948363889929,0.6782493731997091,-1.1470967107590553,0.9201232401367275,Sharpedo
0.029047320530762477,1.8805256792214142,-0.12329930082727497,1.136939210800955,-0.2481885446599603,1.2644485241246506,SharpedoMega Sharpedo
2.380263822177661,-0.2774988302234349,-1.2463898744003714,-0.08623368946903401,-1.3268783439788745,-0.2850152538210035,Wailmer
3.9477414899422594,0.33907960104652196,-0.9255068533794867,0.5253527606659605,-0.9673150775392364,-0.2850152538210035,Wailord
-0.3628220964103872,-0.5857880458584134,-1.085948363889929,-0.23913030200278262,-0.9673150775392364,-1.1458284637908114,Numel
0.029047320530762477,0.6473688166815004,-0.12329930082727497,0.9840425982672063,0.11137472177967776,-0.9736658217968498,Camerupt
0.029047320530762477,1.2639472479514573,0.839349762235379,2.2072154985371952,1.1900645210985918,-1.662316389772696,CameruptMega Camerupt
0.029047320530762477,0.18493499322903273,2.1228818463189176,0.37245614813221184,-0.06840691144014126,-1.662316389772696,Torkoal
-0.3628220964103872,-1.6648003005808378,-1.2463898744003714,-0.08623368946903401,0.29115635499949677,-0.2850152538210035,Spoink
0.42091673747191216,-1.0482218693108811,-0.2837408113377173,0.5253527606659605,1.3698461543184108,0.4036353141548428,Grumpig
-0.3628220964103872,-0.5857880458584134,-0.44418232184815964,-0.39202691453653127,-0.4279701778797793,-0.2850152538210035,Spinda
-0.9506262218221118,0.6473688166815004,-0.9255068533794867,-0.8507167521377771,-0.9673150775392364,-2.0066416737606194,Trapinch
-0.754691513351537,-0.2774988302234349,-0.7650653428690443,-0.6978201396040286,-0.7875334443194173,0.059310030166919644,Vibrava
0.42091673747191216,0.6473688166815004,0.1975837201936097,0.21955953559846322,0.29115635499949677,1.0922858821306891,Flygon
-0.754691513351537,0.18493499322903273,-1.085948363889929,0.37245614813221184,-1.1470967107590553,-1.1458284637908114,Cacnea
0.029047320530762477,1.109802640133968,-0.44418232184815964,1.2898358233347036,-0.4279701778797793,-0.4571778958149651,Cacturne
-0.9506262218221118,-1.2023664771283702,-0.44418232184815964,-1.0036133646715257,0.11137472177967776,-0.6293405378089266,Swablu
0.22498202900133732,-0.2774988302234349,0.5184667412144943,-0.08623368946903401,1.1900645210985918,0.4036353141548428,Altaria
0.22498202900133732,0.9556580323164788,1.1602327832562638,1.136939210800955,1.1900645210985918,0.4036353141548428,AltariaMega Altaria
0.1466081456131074,1.109802640133968,-0.44418232184815964,-0.39202691453653127,-0.4279701778797793,0.7479605981427659,Zangoose
0.1466081456131074,0.6473688166815004,-0.44418232184815964,0.8311459857334578,-0.4279701778797793,-0.11285261182704193,Seviper
0.029047320530762477,-0.7399326536759026,-0.2837408113377173,0.6782493731997091,0.4709379882193158,0.059310030166919644,Lunatone
0.029047320530762477,0.4932242088640112,0.358025230704052,-0.5449235270702799,-0.2481885446599603,0.059310030166919644,Solrock
-0.754691513351537,-0.9557351046203875,-0.9896834575836636,-0.8201374296310274,-1.1111403841150915,-0.2850152538210035,Barboach
1.5965249882953614,-0.03086745771545218,-0.02703439452100957,0.09724224557146434,-0.032450584796177455,-0.2850152538210035,Whiscash
-1.0290001052103417,0.030790385411543508,-0.2837408113377173,-0.6978201396040286,-1.3268783439788745,-1.1458284637908114,Corphish
-0.24526127132804232,1.2639472479514573,0.358025230704052,0.5253527606659605,-0.6077518110995983,-0.4571778958149651,Crawdaunt
-1.1465609302926867,-1.2023664771283702,-0.604623832358602,-1.0036133646715257,-0.06840691144014126,-0.4571778958149651,Baltoy
-0.3628220964103872,-0.2774988302234349,0.9997912727458214,-0.08623368946903401,1.729409420758049,0.23147267216088122,Claydol
-0.1277004462456974,-1.1715375555648724,0.1013188138873443,-0.36144759202978155,0.5428506415072434,-1.5590188045763191,Lileep
0.656038387636602,0.06161930697504135,0.7430848559291137,0.25013885810521297,1.2619771743865196,-0.8703682366004729,Cradily
-0.9506262218221118,0.4932242088640112,-0.7650653428690443,-1.0036133646715257,-0.7875334443194173,0.23147267216088122,Anorith
0.22498202900133732,1.4180918557689466,0.839349762235379,-0.08623368946903401,0.29115635499949677,-0.8015031798028882,Armaldo
-1.930299764174986,-1.9730895162158164,-1.7277144059316982,-1.9209930398740176,-0.6077518110995983,0.4036353141548428,Feebas
1.0087208628836368,-0.5857880458584134,0.16549541809152124,0.8311459857334578,1.909191053977868,0.4380678425536351,Milotic
0.029047320530762477,-0.2774988302234349,-0.12329930082727497,-0.08623368946903401,-0.06840691144014126,0.059310030166919644,Castform
-0.3628220964103872,0.33907960104652196,-0.12329930082727497,-0.39202691453653127,1.729409420758049,-0.9736658217968498,Kecleon
-0.9898131635162267,-0.12335422240594572,-1.2463898744003714,-0.30028894701628206,-1.398790997266802,-0.8015031798028882,Shuppet
-0.20607432963392736,1.109802640133968,-0.2837408113377173,0.3112975031187124,-0.3201011979478879,-0.11285261182704193,Banette
-0.20607432963392736,2.65124871830886,0.037142209683167365,0.6170907281862097,0.3990253349313882,0.23147267216088122,BanetteMega Banette
-1.930299764174986,-1.2023664771283702,0.5184667412144943,-1.309406589739023,0.6507196214391349,-1.4901537477787345,Duskull
-1.1465609302926867,-0.2774988302234349,1.801998825298033,-0.39202691453653127,2.088972687197687,-1.4901537477787345,Dusclops
1.1654686296600967,-0.33915667335043065,0.2938486264998751,-0.025075044455534566,0.5428506415072434,-0.5949080094101343,Tropius
-0.16688738793981236,-0.8940772614933918,-0.12329930082727497,0.6782493731997091,0.29115635499949677,-0.11285261182704193,Chimecho
-0.16688738793981236,1.5722364635864357,-0.44418232184815964,0.06666292306471461,-0.4279701778797793,0.23147267216088122,Absol
-0.16688738793981236,2.188814894856393,-0.44418232184815964,1.2898358233347036,-0.4279701778797793,1.6087738081125738,AbsolMega Absol
1.0087208628836368,-1.7264581437078337,-0.8292419470732213,-1.523461847286271,-0.8594460976073449,-1.5590188045763191,Wynaut
-0.754691513351537,-0.8940772614933918,-0.7650653428690443,-0.6978201396040286,-0.7875334443194173,-0.6293405378089266,Snorunt
0.42091673747191216,0.030790385411543508,0.1975837201936097,0.21955953559846322,0.29115635499949677,0.4036353141548428,Glalie
0.42091673747191216,1.2639472479514573,0.1975837201936097,1.4427324358684521,0.29115635499949677,1.0922858821306891,GlalieMega Glalie
0.029047320530762477,-1.2023664771283702,-0.7650653428690443,-0.5449235270702799,-0.7875334443194173,-1.4901537477787345,Spheal
0.8127861544130619,-0.5857880458584134,-0.12329930082727497,0.06666292306471461,-0.06840691144014126,-0.8015031798028882,Sealeo
1.5965249882953614,0.030790385411543508,0.5184667412144943,0.6782493731997091,0.6507196214391349,-0.11285261182704193,Walrein
-1.3424956387632614,-0.462472359604422,0.358025230704052,0.03608360055796488,-0.6077518110995983,-1.2491260489871883,Clamperl
-0.558756804880962,0.7706845029354917,0.9997912727458214,0.6476700506929594,0.11137472177967776,-0.560475481011342,Huntail
-0.558756804880962,0.1541060716655349,0.9997912727458214,1.259256500827954,0.11137472177967776,-0.560475481011342,Gorebyss
1.2046555713542115,0.33907960104652196,1.801998825298033,-0.8507167521377771,-0.2481885446599603,-0.4571778958149651,Relicanth
-1.0290001052103417,-1.5106556927633488,-0.604623832358602,-1.0036133646715257,-0.2481885446599603,0.9889882969343121,Luvdisc
-0.9506262218221118,-0.12335422240594572,-0.44418232184815964,-1.0036133646715257,-1.5066599771986935,-0.6293405378089266,Bagon
-0.16688738793981236,0.4932242088640112,0.839349762235379,-0.39202691453653127,-0.7875334443194173,-0.6293405378089266,Shelgon
1.0087208628836368,1.726381071403925,0.1975837201936097,1.136939210800955,0.29115635499949677,1.0922858821306891,Salamence
1.0087208628836368,2.0346702870389035,1.801998825298033,1.4427324358684521,0.6507196214391349,1.7809364501065355,SalamenceMega Salamence
-1.1465609302926867,-0.7399326536759026,0.1975837201936097,-1.1565099772052745,-0.4279701778797793,-1.3179911057847729,Beldum
-0.3628220964103872,-0.12335422240594572,0.839349762235379,-0.5449235270702799,0.29115635499949677,-0.6293405378089266,Metang
0.42091673747191216,1.726381071403925,1.801998825298033,0.6782493731997091,0.6507196214391349,0.059310030166919644,Metagross
0.42091673747191216,2.0346702870389035,2.4437648673398025,0.9840425982672063,1.3698461543184108,1.4366111661186123,MetagrossMega Metagross
0.42091673747191216,0.6473688166815004,4.048179972444226,-0.6978201396040286,1.0102828878787729,-0.6293405378089266,Regirock
0.42091673747191216,-0.8940772614933918,0.839349762235379,0.8311459857334578,4.605915552275153,-0.6293405378089266,Regice
0.42091673747191216,-0.12335422240594572,2.4437648673398025,0.06666292306471461,2.808099220076963,-0.6293405378089266,Registeel
0.42091673747191216,0.030790385411543508,0.5184667412144943,1.136939210800955,2.088972687197687,1.4366111661186123,Latias
0.42091673747191216,0.6473688166815004,1.4811158042771484,2.054318886003447,2.808099220076963,1.4366111661186123,LatiasMega Latias
0.42091673747191216,0.33907960104652196,0.1975837201936097,1.7485256609359494,1.3698461543184108,1.4366111661186123,Latios
0.42091673747191216,1.5722364635864357,0.839349762235379,2.665905336138441,1.729409420758049,1.4366111661186123,LatiosMega Latios
1.2046555713542115,0.6473688166815004,0.5184667412144943,2.360112111070944,2.4485359536373252,0.7479605981427659,Kyogre
1.2046555713542115,2.188814894856393,0.5184667412144943,3.2774917862734356,3.167662486516601,0.7479605981427659,KyogrePrimal Kyogre
1.2046555713542115,2.188814894856393,2.1228818463189176,0.8311459857334578,0.6507196214391349,0.7479605981427659,Groudon
1.2046555713542115,3.113682541761328,2.764647888360687,2.360112111070944,0.6507196214391349,0.7479605981427659,GroudonPrimal Groudon
1.4005902798247865,2.188814894856393,0.5184667412144943,2.360112111070944,0.6507196214391349,0.9201232401367275,Rayquaza
1.4005902798247865,3.113682541761328,0.839349762235379,3.2774917862734356,1.0102828878787729,1.6087738081125738,RayquazaMega Rayquaza
1.2046555713542115,0.6473688166815004,0.839349762235379,0.8311459857334578,1.0102828878787729,1.0922858821306891,Jirachi
-0.754691513351537,2.188814894856393,-0.7650653428690443,2.360112111070944,-0.7875334443194173,2.813912302070305,DeoxysNormal Forme
-0.754691513351537,3.113682541761328,-1.7277144059316982,3.2774917862734356,-1.8662232436383315,2.813912302070305,DeoxysAttack Forme
-0.754691513351537,-0.2774988302234349,2.764647888360687,-0.08623368946903401,3.167662486516601,0.7479605981427659,DeoxysDefense Forme
-0.754691513351537,0.4932242088640112,0.5184667412144943,0.6782493731997091,0.6507196214391349,3.8468881540340742,DeoxysSpeed Forme
-0.558756804880962,-0.33915667335043065,-0.3158291134398058,-0.8507167521377771,-0.6077518110995983,-1.2835585773859806,Turtwig
0.22498202900133732,0.3082506794830241,0.358025230704052,-0.5449235270702799,-0.2481885446599603,-1.111395935392019,Grotle
1.0087208628836368,0.924829110752981,0.9997912727458214,0.06666292306471461,0.4709379882193158,-0.42274536741617275,Torterra
-0.9898131635162267,-0.6474458889854091,-0.9575951554815751,-0.4531855595500307,-1.0032714041832003,-0.2505827254222112,Chimchar
-0.20607432963392736,-0.03086745771545218,-0.7008887386648673,0.1584008905849638,-0.7156207910314898,0.4380678425536351,Monferno
0.2641689706954523,0.7706845029354917,-0.09121099872518651,0.9534632757604566,-0.032450584796177455,1.3677461093210277,Infernape
-0.6371306882691921,-0.863248339929894,-0.6688004365627789,-0.36144759202978155,-0.5717954844556346,-0.9736658217968498,Piplup
-0.20607432963392736,-0.40081451647742633,-0.1874759050314519,0.25013885810521297,0.14733104842364156,-0.6293405378089266,Prinplup
0.577664504248372,0.21576391479253057,0.45429013701031745,1.1675185333077047,1.0462392145227366,-0.2850152538210035,Empoleon
-1.1465609302926867,-0.7399326536759026,-1.4068313849108136,-1.309406589739023,-1.5066599771986935,-0.2850152538210035,Starly
-0.558756804880962,-0.12335422240594572,-0.7650653428690443,-1.0036133646715257,-1.1470967107590553,0.4036353141548428,Staravia
0.616851445942487,1.2639472479514573,-0.12329930082727497,-0.6978201396040286,-0.4279701778797793,1.0922858821306891,Staraptor
-0.40200903810450217,-1.0482218693108811,-1.085948363889929,-1.1565099772052745,-1.1470967107590553,-1.2835585773859806,Bidoof
0.3817297957777972,0.18493499322903273,-0.44418232184815964,-0.5449235270702799,-0.4279701778797793,0.09374255856571197,Bibarel
-1.2641217553750315,-1.6648003005808378,-1.0538600617878404,-1.4623032022727716,-1.1111403841150915,-1.4901537477787345,Kricketot
0.3033559123895673,0.18493499322903273,-0.7329770407669558,-0.5449235270702799,-0.7515771176754535,-0.11285261182704193,Kricketune
-0.9506262218221118,-0.43164343804092414,-1.2784781765024598,-1.0036133646715257,-1.3628346706228383,-0.8015031798028882,Shinx
-0.3628220964103872,0.18493499322903273,-0.7971536449711327,-0.39202691453653127,-0.8234897709633812,-0.2850152538210035,Luxio
0.42091673747191216,1.2639472479514573,0.16549541809152124,0.6782493731997091,0.25520002835553296,0.059310030166919644,Luxray
-1.1465609302926867,-1.5106556927633488,-1.2463898744003714,-0.6978201396040286,-0.06840691144014126,-0.4571778958149651,Budew
-0.3628220964103872,-0.2774988302234349,-0.2837408113377173,1.5956290484022009,1.1900645210985918,0.7479605981427659,Roserade
-0.08851350455158244,1.4180918557689466,-1.085948363889929,-1.309406589739023,-1.5066599771986935,-0.35388031061858816,Cranidos
1.0870947462718668,2.65124871830886,-0.44418232184815964,-0.23913030200278262,-0.7875334443194173,-0.35388031061858816,Rampardos
-1.5384303472338363,-1.1407086340013746,1.4169392000729715,-0.9424547196580263,0.5788069681512072,-1.3179911057847729,Shieldon
-0.3628220964103872,-0.8324194183663961,3.021354305177395,-0.7895581071242777,2.3766233003493973,-1.3179911057847729,Bastiodon
-1.1465609302926867,-1.5414846143268466,-0.9255068533794867,-1.3399859122457727,-0.9673150775392364,-1.111395935392019,Burmy
-0.3628220964103872,-0.6166169674219112,0.358025230704052,0.1889802130917135,1.1900645210985918,-1.111395935392019,WormadamPlant Cloak
-0.3628220964103872,-3.8536151954337254e-05,0.9997912727458214,-0.422606237043281,0.4709379882193158,-1.111395935392019,WormadamSandy Cloak
-0.3628220964103872,-0.3083277517869328,0.6789082517249367,-0.11681301197578374,0.8305012546589539,-1.111395935392019,WormadamTrash Cloak
0.029047320530762477,0.4623952873005133,-0.7650653428690443,0.6476700506929594,-0.7875334443194173,-0.07842008342824962,Mothim
-1.5384303472338363,-1.5106556927633488,-1.021771759685752,-1.309406589739023,-1.0751840574711278,0.059310030166919644,Combee
0.029047320530762477,0.030790385411543508,0.903526366439556,0.21955953559846322,1.0821955411667006,-0.9736658217968498,Vespiquen
-0.3628220964103872,-1.0482218693108811,-0.12329930082727497,-0.8507167521377771,0.6507196214391349,0.9201232401367275,Pachirisu
-0.558756804880962,-0.43164343804092414,-1.2463898744003714,-0.39202691453653127,-1.5066599771986935,0.5757979561488044,Buizel
0.616851445942487,0.8015134244989897,-0.604623832358602,0.37245614813221184,-0.7875334443194173,1.6087738081125738,Floatzel
-0.9506262218221118,-1.3565110849458595,-0.9255068533794867,-0.33086826952303183,-0.6796644643875259,-1.1458284637908114,Cherubi
0.029047320530762477,-0.5857880458584134,-0.12329930082727497,0.43361479314571133,0.21924370171156918,0.5757979561488044,Cherrim
0.2641689706954523,-0.9557351046203875,-0.8292419470732213,-0.4837648820567804,-0.3560575245918517,-1.1802609921896037,Shellos
1.6357119299894762,0.12327715010203703,-0.1874759050314519,0.5865114056794599,0.3630690082874244,-1.0080983501956422,Gastrodon
0.22498202900133732,0.6473688166815004,-0.2516525092356288,-0.39202691453653127,-0.21223221801599648,1.6087738081125738,Ambipom
0.8127861544130619,-0.8940772614933918,-1.2784781765024598,-0.39202691453653127,-1.0032714041832003,0.059310030166919644,Drifloon
3.16400265605996,0.030790385411543508,-0.9575951554815751,0.5253527606659605,-0.6437081377435622,0.4036353141548428,Drifblim
-0.558756804880962,-0.40081451647742633,-0.9575951554815751,-0.8812960746445269,-0.5717954844556346,0.5757979561488044,Buneary
-0.16688738793981236,-0.09252530084244787,0.32593692860196355,-0.5755028495770296,0.8664575813029176,1.2644485241246506,Lopunny
-0.16688738793981236,1.7572099929674228,0.6468199496228483,-0.5755028495770296,0.8664575813029176,2.2974243760884203,LopunnyMega Lopunny
-0.3628220964103872,-0.5857880458584134,-0.44418232184815964,0.9840425982672063,1.1900645210985918,1.2644485241246506,Mismagius
1.2046555713542115,1.4180918557689466,-0.7008887386648673,0.9840425982672063,-0.7156207910314898,0.09374255856571197,Honchkrow
-0.7938784550456519,-0.7399326536759026,-1.021771759685752,-0.9424547196580263,-1.2549656906909468,0.5757979561488044,Glameow
0.06823426222487744,0.09244822853853919,-0.3158291134398058,-0.26970962450953234,-0.4639265045237431,1.5054762229161969,Purugly
-0.9506262218221118,-1.5106556927633488,-0.7650653428690443,-0.23913030200278262,-0.7875334443194173,-0.8015031798028882,Chingling
-0.24526127132804232,-0.4933012811679198,-0.8613302491753098,-0.9730340421647761,-1.1111403841150915,0.1970401437620889,Stunky
1.3222163964365565,0.4315663657370155,-0.21956420713354038,-0.05565436696228429,-0.3920138512358155,0.5413654277500121,Skuntank
-0.48038292149273215,-1.6956292221443359,0.39011353280614053,-1.4928825247795214,0.5068943148632796,-1.5590188045763191,Bronzor
-0.08851350455158244,0.3082506794830241,1.3527625958687945,0.1889802130917135,1.5855841141821938,-1.214693520588396,Bronzong
-0.754691513351537,0.030790385411543508,0.6789082517249367,-1.9209930398740176,-0.9673150775392364,-2.0066416737606194,Bonsly
-1.930299764174986,-1.6648003005808378,-0.9255068533794867,-0.08623368946903401,0.6507196214391349,-0.2850152538210035,Mime Jr.
1.2046555713542115,-2.2813787318507948,-2.2090389374630255,-1.7680964273402688,-0.2481885446599603,-1.3179911057847729,Happiny
0.2641689706954523,-0.43164343804092414,-0.9255068533794867,0.5865114056794599,-1.0751840574711278,0.7823931265415582,Chatot
-0.754691513351537,0.40073744417351764,1.0960561790520869,0.5865114056794599,1.2979335010304833,-1.1458284637908114,Spiritomb
-0.4411959797986172,-0.2774988302234349,-0.9255068533794867,-1.0036133646715257,-0.9673150775392364,-0.9048007649992652,Gible
-0.04932656285746746,0.33907960104652196,-0.2837408113377173,-0.6978201396040286,-0.6077518110995983,0.4725003709524274,Gabite
1.5181511049071312,1.5722364635864357,0.6789082517249367,0.21955953559846322,0.4709379882193158,1.1611509389282737,Garchomp
1.5181511049071312,2.8053933261263495,1.320674293766706,1.4427324358684521,0.8305012546589539,0.8168256549403505,GarchompMega Garchomp
2.5761985306482353,0.18493499322903273,-1.085948363889929,-1.0036133646715257,0.4709379882193158,-2.1788043157545807,Munchlax
-1.1465609302926867,-0.2774988302234349,-1.085948363889929,-1.1565099772052745,-1.1470967107590553,-0.2850152538210035,Riolu
0.029047320530762477,0.9556580323164788,-0.12329930082727497,1.2898358233347036,-0.06840691144014126,0.7479605981427659,Lucario
0.029047320530762477,2.0346702870389035,0.45429013701031745,2.054318886003447,-0.06840691144014126,1.5054762229161969,LucarioMega Lucario
-0.04932656285746746,-0.21584098709643926,0.13340711598943278,-1.0647720096850253,-1.0751840574711278,-1.2491260489871883,Hippopotas
1.5181511049071312,1.0173158754434746,1.4169392000729715,-0.14739233448253347,0.0035057418477863482,-0.7326381230053036,Hippowdon
-1.1465609302926867,-0.8940772614933918,0.5184667412144943,-1.309406589739023,-0.6077518110995983,-0.11285261182704193,Skorupi
0.029047320530762477,0.33907960104652196,1.1602327832562638,-0.39202691453653127,0.11137472177967776,0.9201232401367275,Drapion
-0.8330653967397669,-0.5549591242949156,-1.085948363889929,-0.36144759202978155,-1.1470967107590553,-0.6293405378089266,Croagunk
0.538477562554257,0.8323423460624875,-0.2837408113377173,0.40303547063896156,-0.2481885446599603,0.5757979561488044,Toxicroak
0.18579508730722236,0.6473688166815004,-0.059122696623098034,0.5253527606659605,0.0035057418477863482,-0.7670706514040959,Carnivine
-0.7938784550456519,-0.9249061830568897,-0.5725355302565135,-0.7283994621107782,-0.3920138512358155,-0.07842008342824962,Finneon
-0.010139621163352493,-0.3083277517869328,0.06923051178525583,-0.11681301197578374,0.5068943148632796,0.7823931265415582,Lumineon
-0.9506262218221118,-1.8189449083983271,-0.7650653428690443,-0.39202691453653127,1.729409420758049,-0.6293405378089266,Mantyke
-0.3628220964103872,-0.5241302027314176,-0.7650653428690443,-0.33086826952303183,-0.4279701778797793,-0.9736658217968498,Snover
0.8127861544130619,0.40073744417351764,0.037142209683167365,0.5865114056794599,0.4709379882193158,-0.2850152538210035,Abomasnow
0.8127861544130619,1.6338943067134315,0.9997912727458214,1.809684305949449,1.1900645210985918,-1.3179911057847729,AbomasnowMega Abomasnow
0.029047320530762477,1.2639472479514573,-0.2837408113377173,-0.8507167521377771,0.4709379882193158,1.953099092100497,Weavile
0.029047320530762477,-0.2774988302234349,1.320674293766706,1.7485256609359494,0.6507196214391349,-0.2850152538210035,Magnezone
1.5965249882953614,0.18493499322903273,0.6789082517249367,0.21955953559846322,0.8305012546589539,-0.6293405378089266,Lickilicky
1.792459696765936,1.8805256792214142,1.801998825298033,-0.5449235270702799,-0.6077518110995983,-0.9736658217968498,Rhyperior
1.2046555713542115,0.6473688166815004,1.6415573147875908,1.136939210800955,-0.7875334443194173,-0.6293405378089266,Tangrowth
0.22498202900133732,1.3564340126419507,-0.21956420713354038,0.6782493731997091,0.4709379882193158,0.9201232401367275,Electivire
0.22498202900133732,0.4932242088640112,-0.21956420713354038,1.5956290484022009,0.8305012546589539,0.5069328993512198,Magmortar
0.616851445942487,-0.8940772614933918,0.6789082517249367,1.4427324358684521,1.5496277875382298,0.4036353141548428,Togekiss
0.656038387636602,-0.09252530084244787,0.39011353280614053,1.3204151458414533,-0.5717954844556346,0.9201232401367275,Yanmega
-0.16688738793981236,0.9556580323164788,1.801998825298033,-0.39202691453653127,-0.2481885446599603,0.9201232401367275,Leafeon
-0.16688738793981236,-0.5857880458584134,1.1602327832562638,1.7485256609359494,0.8305012546589539,-0.11285261182704193,Glaceon
0.22498202900133732,0.4932242088640112,1.6415573147875908,-0.8507167521377771,0.11137472177967776,0.9201232401367275,Gliscor
1.5965249882953614,1.5722364635864357,0.1975837201936097,-0.08623368946903401,-0.4279701778797793,0.4036353141548428,Mamoswine
0.616851445942487,0.030790385411543508,-0.12329930082727497,1.9014222734696982,0.11137472177967776,0.7479605981427659,Porygon-Z
-0.04932656285746746,1.4180918557689466,-0.2837408113377173,-0.23913030200278262,1.5496277875382298,0.4036353141548428,Gallade
-0.04932656285746746,2.65124871830886,0.6789082517249367,-0.23913030200278262,1.5496277875382298,1.4366111661186123,GalladeMega Gallade
-0.3628220964103872,-0.7399326536759026,2.28332335682936,0.06666292306471461,2.808099220076963,-0.9736658217968498,Probopass
-0.9506262218221118,0.6473688166815004,1.9624403358084754,-0.23913030200278262,2.268754320417506,-0.8015031798028882,Dusknoir
0.029047320530762477,0.030790385411543508,-0.12329930082727497,0.21955953559846322,-0.06840691144014126,1.4366111661186123,Froslass
-0.754691513351537,-0.8940772614933918,0.1013188138873443,0.6782493731997091,0.18328737506760537,0.7823931265415582,Rotom
-0.754691513351537,-0.43164343804092414,1.0639678769499983,0.9840425982672063,1.2619771743865196,0.6102304845475967,RotomHeat Rotom
-0.754691513351537,-0.43164343804092414,1.0639678769499983,0.9840425982672063,1.2619771743865196,0.6102304845475967,RotomWash Rotom
-0.754691513351537,-0.43164343804092414,1.0639678769499983,0.9840425982672063,1.2619771743865196,0.6102304845475967,RotomFrost Rotom
-0.754691513351537,-0.43164343804092414,1.0639678769499983,0.9840425982672063,1.2619771743865196,0.6102304845475967,RotomFan Rotom
-0.754691513351537,-0.43164343804092414,1.0639678769499983,0.9840425982672063,1.2619771743865196,0.6102304845475967,RotomMow Rotom
0.22498202900133732,-0.12335422240594572,1.801998825298033,0.06666292306471461,2.088972687197687,0.9201232401367275,Uxie
0.42091673747191216,0.8015134244989897,0.9997912727458214,0.9840425982672063,1.1900645210985918,0.4036353141548428,Mesprit
0.22498202900133732,1.4180918557689466,-0.12329930082727497,1.5956290484022009,-0.06840691144014126,1.6087738081125738,Azelf
1.2046555713542115,1.2639472479514573,1.4811158042771484,2.360112111070944,1.0102828878787729,0.7479605981427659,Dialga
0.8127861544130619,1.2639472479514573,0.839349762235379,2.360112111070944,1.729409420758049,1.0922858821306891,Palkia
0.8519730961071769,0.33907960104652196,1.03187957484791,1.7485256609359494,1.2260208477425556,0.30033772895846583,Heatran
1.5965249882953614,2.497104110491371,1.1602327832562638,0.21955953559846322,1.3698461543184108,1.0922858821306891,Regigigas
3.16400265605996,0.6473688166815004,1.4811158042771484,0.8311459857334578,1.729409420758049,0.7479605981427659,GiratinaAltered Forme
3.16400265605996,1.2639472479514573,0.839349762235379,1.4427324358684521,1.0102828878787729,0.7479605981427659,GiratinaOrigin Forme
1.988394405236511,-0.2774988302234349,1.4811158042771484,0.06666292306471461,2.088972687197687,0.5757979561488044,Cresselia
0.42091673747191216,0.030790385411543508,0.1975837201936097,0.21955953559846322,0.29115635499949677,0.4036353141548428,Phione
1.2046555713542115,0.6473688166815004,0.839349762235379,0.8311459857334578,1.0102828878787729,1.0922858821306891,Manaphy
0.029047320530762477,0.33907960104652196,0.5184667412144943,1.9014222734696982,0.6507196214391349,1.953099092100497,Darkrai
1.2046555713542115,0.6473688166815004,0.839349762235379,0.8311459857334578,1.0102828878787729,1.0922858821306891,ShayminLand Forme
1.2046555713542115,0.7398555813719939,0.037142209683167365,1.4427324358684521,0.11137472177967776,2.0219641488980815,ShayminSky Forme
1.988394405236511,1.2639472479514573,1.4811158042771484,1.4427324358684521,1.729409420758049,1.7809364501065355,Arceus
1.2046555713542115,0.6473688166815004,0.839349762235379,0.8311459857334578,1.0102828878787729,1.0922858821306891,Victini
-0.9506262218221118,-1.0482218693108811,-0.604623832358602,-0.8507167521377771,-0.6077518110995983,-0.18171766862462657,Snivy
-0.3628220964103872,-0.5857880458584134,0.037142209683167365,-0.39202691453653127,0.11137472177967776,0.5069328993512198,Servine
0.22498202900133732,-0.12335422240594572,0.6789082517249367,0.06666292306471461,0.8305012546589539,1.5399087513149892,Serperior
-0.16688738793981236,-0.4933012811679198,-0.9255068533794867,-0.8507167521377771,-0.9673150775392364,-0.8015031798028882,Tepig
0.8127861544130619,0.4315663657370155,-0.604623832358602,-0.08623368946903401,-0.6077518110995983,-0.4571778958149651,Pignite
1.5965249882953614,1.3564340126419507,-0.2837408113377173,0.8311459857334578,-0.2481885446599603,-0.11285261182704193,Emboar
-0.558756804880962,-0.7399326536759026,-0.9255068533794867,-0.30028894701628206,-0.9673150775392364,-0.8015031798028882,Oshawott
0.22498202900133732,-0.12335422240594572,-0.44418232184815964,0.3112975031187124,-0.4279701778797793,-0.2850152538210035,Dewott
1.0087208628836368,0.6473688166815004,0.358025230704052,1.0757805657874555,-0.06840691144014126,0.059310030166919644,Samurott
-0.9506262218221118,-0.7399326536759026,-1.1180366659920173,-1.1565099772052745,-1.1830530374030193,-0.9048007649992652,Patrat
-0.3628220964103872,0.18493499322903273,-0.15538760292936343,-0.39202691453653127,-0.10436323808410507,0.30033772895846583,Watchog
-0.9506262218221118,-0.5857880458584134,-0.9255068533794867,-1.4623032022727716,-0.9673150775392364,-0.4571778958149651,Lillipup
-0.16688738793981236,0.030790385411543508,-0.2837408113377173,-1.1565099772052745,-0.2481885446599603,-0.2850152538210035,Herdier
0.616851445942487,0.9556580323164788,0.5184667412144943,-0.8507167521377771,0.6507196214391349,0.4036353141548428,Stoutland
-1.1073739885985716,-0.8940772614933918,-1.1822132701961945,-0.6978201396040286,-1.2549656906909468,-0.07842008342824962,Purrloin
-0.20607432963392736,0.2774217579195263,-0.7650653428690443,0.46419411565246105,-0.7875334443194173,1.2988810525234429,Liepard
-0.754691513351537,-0.8015904968028983,-0.8292419470732213,-0.6060821720837793,-0.8594460976073449,-0.14728514022583425,Pansage
0.22498202900133732,0.5857109735545047,-0.34791741554189426,0.7699873407199582,-0.3201011979478879,1.1267184105294814,Simisage
-0.754691513351537,-0.8015904968028983,-0.8292419470732213,-0.6060821720837793,-0.8594460976073449,-0.14728514022583425,Pansear
0.22498202900133732,0.5857109735545047,-0.34791741554189426,0.7699873407199582,-0.3201011979478879,1.1267184105294814,Simisear
-0.754691513351537,-0.8015904968028983,-0.8292419470732213,-0.6060821720837793,-0.8594460976073449,-0.14728514022583425,Panpour
0.22498202900133732,0.5857109735545047,-0.34791741554189426,0.7699873407199582,-0.3201011979478879,1.1267184105294814,Simipour
0.2641689706954523,-1.6648003005808378,-0.9255068533794867,-0.1779716569892832,-0.6077518110995983,-1.5245862761775268,Munna
1.8316466384600512,-0.7399326536759026,0.358025230704052,1.0452012432807058,0.8305012546589539,-1.3524236341835654,Musharna
-0.754691513351537,-0.7399326536759026,-0.7650653428690443,-1.1259306546985246,-1.5066599771986935,-0.8703682366004729,Pidove
-0.2844482130221573,-0.061696379278950025,-0.3800057176439827,-0.6978201396040286,-1.0751840574711278,-0.11285261182704193,Tranquill
0.42091673747191216,1.109802640133968,0.1975837201936097,-0.23913030200278262,-0.6077518110995983,0.8512581833391429,Unfezant
-0.9506262218221118,-0.5857880458584134,-1.3426547807066367,-0.6978201396040286,-1.4347473239107658,0.26590520055967354,Blitzle
0.22498202900133732,0.6473688166815004,-0.34791741554189426,0.21955953559846322,-0.3201011979478879,1.643206336511366,Zebstrika
-0.558756804880962,-0.12335422240594572,0.358025230704052,-1.4623032022727716,-1.6864416104185125,-1.8344790317666577,Roggenrola
0.029047320530762477,0.8015134244989897,0.9997912727458214,-0.6978201396040286,-1.1470967107590553,-1.662316389772696,Boldore
0.616851445942487,1.726381071403925,1.801998825298033,-0.39202691453653127,0.29115635499949677,-1.4901537477787345,Gigalith
-0.558756804880962,-1.0482218693108811,-0.9896834575836636,-0.5449235270702799,-1.039227730827164,0.12817508696450428,Woobat
-0.08851350455158244,-0.6782748105489069,-0.604623832358602,0.12782156807821407,-0.6077518110995983,1.5743412797137815,Swoobat
-0.3628220964103872,0.18493499322903273,-1.085948363889929,-1.309406589739023,-0.9673150775392364,-0.009555026630664985,Drilbur
1.5965249882953614,1.726381071403925,-0.44418232184815964,-0.6978201396040286,-0.2481885446599603,0.6790955413451814,Excadrill
1.3222163964365565,-0.5857880458584134,0.39011353280614053,-0.39202691453653127,0.5068943148632796,-0.6293405378089266,Audino
1.3222163964365565,-0.5857880458584134,1.6736456168896792,0.21955953559846322,1.9451473806218318,-0.6293405378089266,AudinoMega Audino
0.22498202900133732,0.030790385411543508,-0.604623832358602,-1.4623032022727716,-1.3268783439788745,-1.1458284637908114,Timburr
0.616851445942487,0.8015134244989897,0.358025230704052,-1.0036133646715257,-0.7875334443194173,-0.9736658217968498,Gurdurr
1.4005902798247865,1.8805256792214142,0.6789082517249367,-0.5449235270702799,-0.2481885446599603,-0.8015031798028882,Conkeldurr
-0.754691513351537,-0.8940772614933918,-1.085948363889929,-0.6978201396040286,-1.1470967107590553,-0.14728514022583425,Tympole
0.22498202900133732,-0.43164343804092414,-0.604623832358602,-0.23913030200278262,-0.6077518110995983,0.02487750176812733,Palpitoad
1.4005902798247865,0.4932242088640112,0.037142209683167365,0.37245614813221184,0.11137472177967776,0.1970401437620889,Seismitoad
1.988394405236511,0.6473688166815004,0.358025230704052,-1.309406589739023,0.4709379882193158,-0.8015031798028882,Throh
0.22498202900133732,1.4180918557689466,0.037142209683167365,-1.309406589739023,0.11137472177967776,0.5757979561488044,Sawk
-0.9506262218221118,-0.8015904968028983,-0.12329930082727497,-1.0036133646715257,-0.4279701778797793,-0.9048007649992652,Sewaddle
-0.558756804880962,-0.4933012811679198,0.5184667412144943,-0.6978201396040286,0.29115635499949677,-0.9048007649992652,Swadloon
0.22498202900133732,0.7398555813719939,0.1975837201936097,-0.08623368946903401,0.29115635499949677,0.8168256549403505,Leavanny
-1.5384303472338363,-1.0482218693108811,-0.4762706239502481,-1.309406589739023,-1.1830530374030193,-0.38831283901738045,Venipede
-1.1465609302926867,-0.7399326536759026,0.8072614601332906,-1.0036133646715257,0.25520002835553296,-0.7326381230053036,Whirlipede
-0.3628220964103872,0.6473688166815004,0.4863784391124059,-0.5449235270702799,-0.10436323808410507,1.5054762229161969,Scolipede
-1.1465609302926867,-1.6031424574538422,-0.44418232184815964,-1.095351332191775,-0.7875334443194173,-0.07842008342824962,Cottonee
-0.3628220964103872,-0.36998559491392846,0.358025230704052,0.12782156807821407,0.11137472177967776,1.643206336511366,Whimsicott
-0.9506262218221118,-1.3565110849458595,-0.7650653428690443,-0.08623368946903401,-0.7875334443194173,-1.3179911057847729,Petilil
0.029047320530762477,-0.5857880458584134,0.037142209683167365,1.136939210800955,0.11137472177967776,0.7479605981427659,Lilligant
0.029047320530762477,0.40073744417351764,-0.2837408113377173,0.21955953559846322,-0.6077518110995983,1.0234208253331045,Basculin
-0.754691513351537,-0.21584098709643926,-1.2463898744003714,-1.1565099772052745,-1.3268783439788745,-0.11285261182704193,Sandile
-0.3628220964103872,0.09244822853853919,-0.9255068533794867,-0.8507167521377771,-0.9673150775392364,0.1970401437620889,Krokorok
1.0087208628836368,1.1714604832609639,0.1975837201936097,-0.23913030200278262,-0.06840691144014126,0.8168256549403505,Krookodile
0.029047320530762477,0.33907960104652196,-0.9255068533794867,-1.7680964273402688,-0.9673150775392364,-0.6293405378089266,Darumaka
1.4005902798247865,1.8805256792214142,-0.604623832358602,-1.309406589739023,-0.6077518110995983,0.9201232401367275,DarmanitanStandard Mode
1.4005902798247865,-1.5106556927633488,0.9997912727458214,2.054318886003447,1.1900645210985918,-0.4571778958149651,DarmanitanZen Mode
0.22498202900133732,0.21576391479253057,-0.21956420713354038,1.014621920773956,-0.17627589137203267,-0.2850152538210035,Maractus
-0.754691513351537,-0.43164343804092414,0.358025230704052,-1.1565099772052745,-1.3268783439788745,-0.4571778958149651,Dwebble
0.029047320530762477,0.4932242088640112,1.6415573147875908,-0.23913030200278262,0.11137472177967776,-0.8015031798028882,Crustle
-0.754691513351537,-0.12335422240594572,-0.12329930082727497,-1.1565099772052745,-0.06840691144014126,-0.6982055946065113,Scraggy
-0.16688738793981236,0.33907960104652196,1.320674293766706,-0.8507167521377771,1.5496277875382298,-0.35388031061858816,Scrafty
0.10742120391899242,-0.6474458889854091,0.1975837201936097,0.9228839532537069,0.29115635499949677,0.9889882969343121,Sigilyph
-1.2249348136809166,-1.5106556927633488,0.358025230704052,-0.5449235270702799,-0.2481885446599603,-1.3179911057847729,Yamask
-0.4411959797986172,-0.8940772614933918,2.28332335682936,0.6782493731997091,1.1900645210985918,-1.3179911057847729,Cofagrigus
-0.5979437465750771,-0.03086745771545218,0.9356146685416444,-0.6060821720837793,-0.9673150775392364,-1.5934513329751114,Tirtouga
0.18579508730722236,0.8940001891894831,1.8982637316042985,0.3112975031187124,-0.2481885446599603,-1.2491260489871883,Carracosta
-0.558756804880962,1.0173158754434746,-0.9255068533794867,0.03608360055796488,-0.9673150775392364,0.059310030166919644,Archen
0.22498202900133732,1.8805256792214142,-0.2837408113377173,1.1980978558144544,-0.2481885446599603,1.4366111661186123,Archeops
-0.754691513351537,-0.8940772614933918,-0.3800057176439827,-1.0036133646715257,-0.3560575245918517,-0.11285261182704193,Trubbish
0.42091673747191216,0.4932242088640112,0.2617603243977866,-0.39202691453653127,0.3630690082874244,0.23147267216088122,Garbodor
-1.1465609302926867,-0.43164343804092414,-1.085948363889929,0.21955953559846322,-1.1470967107590553,-0.11285261182704193,Zorua
-0.3628220964103872,0.8015134244989897,-0.44418232184815964,1.4427324358684521,-0.4279701778797793,1.2644485241246506,Zoroark
-0.558756804880962,-0.8940772614933918,-1.085948363889929,-1.0036133646715257,-1.1470967107590553,0.23147267216088122,Minccino
0.22498202900133732,0.4932242088640112,-0.44418232184815964,-0.23913030200278262,-0.4279701778797793,1.6087738081125738,Cinccino
-0.9506262218221118,-1.5106556927633488,-0.7650653428690443,-0.5449235270702799,-0.2481885446599603,-0.8015031798028882,Gothita
-0.3628220964103872,-1.0482218693108811,-0.12329930082727497,0.06666292306471461,0.4709379882193158,-0.4571778958149651,Gothorita
0.029047320530762477,-0.7399326536759026,0.6789082517249367,0.6782493731997091,1.3698461543184108,-0.11285261182704193,Gothitelle
-0.9506262218221118,-1.5106556927633488,-1.085948363889929,0.9840425982672063,-0.7875334443194173,-1.662316389772696,Solosis
-0.16688738793981236,-1.2023664771283702,-0.7650653428690443,1.5956290484022009,-0.4279701778797793,-1.3179911057847729,Duosion
1.5965249882953614,-0.43164343804092414,0.037142209683167365,1.5956290484022009,0.4709379882193158,-1.3179911057847729,Reuniclus
-0.2844482130221573,-1.079050790874379,-0.7650653428690443,-0.8812960746445269,-0.7875334443194173,-0.4571778958149651,Ducklett
0.22498202900133732,0.2465928363560284,-0.34791741554189426,0.43361479314571133,-0.3201011979478879,1.0234208253331045,Swanna
-1.3033086970691465,-0.8940772614933918,-0.7650653428690443,-0.23913030200278262,-0.4279701778797793,-0.8359357082016805,Vanillite
-0.715504571657422,-0.43164343804092414,-0.2837408113377173,0.21955953559846322,0.11137472177967776,-0.3194477822197958,Vanillish
0.06823426222487744,0.4932242088640112,0.358025230704052,1.136939210800955,0.8305012546589539,0.3692027857560505,Vanilluxe
-0.3628220964103872,-0.5857880458584134,-0.7650653428690443,-1.0036133646715257,-0.7875334443194173,0.23147267216088122,Deerling
0.42091673747191216,0.6473688166815004,-0.12329930082727497,-0.39202691453653127,-0.06840691144014126,0.9201232401367275,Sawsbuck
-0.558756804880962,-0.12335422240594572,-0.44418232184815964,0.06666292306471461,-0.4279701778797793,1.195583467327066,Emolga
-0.754691513351537,-0.12335422240594572,-0.9255068533794867,-1.0036133646715257,-0.9673150775392364,-0.2850152538210035,Karrablast
0.029047320530762477,1.726381071403925,0.9997912727458214,-0.39202691453653127,1.1900645210985918,-1.662316389772696,Escavalier
-0.010139621163352493,-0.7399326536759026,-0.9255068533794867,-0.5449235270702799,-0.6077518110995983,-1.8344790317666577,Foongus
1.7532727550718212,0.18493499322903273,-0.12329930082727497,0.37245614813221184,0.29115635499949677,-1.3179911057847729,Amoonguss
-0.558756804880962,-1.2023664771283702,-0.7650653428690443,-0.23913030200278262,0.4709379882193158,-0.9736658217968498,Frillish
1.2046555713542115,-0.5857880458584134,-0.12329930082727497,0.37245614813221184,1.1900645210985918,-0.2850152538210035,Jellicent
3.7518067814716844,-0.12335422240594572,0.1975837201936097,-1.0036133646715257,-0.9673150775392364,-0.11285261182704193,Alomomola
-0.754691513351537,-0.9865640261838854,-0.7650653428690443,-0.4837648820567804,-0.7875334443194173,-0.11285261182704193,Joltik
0.029047320530762477,-0.061696379278950025,-0.44418232184815964,0.7394080182132086,-0.4279701778797793,1.3677461093210277,Galvantula
-0.9898131635162267,-0.8940772614933918,0.5505550433165828,-1.4928825247795214,0.5068943148632796,-2.0066416737606194,Ferroseed
0.18579508730722236,0.4623952873005133,1.8340871274001216,-0.5755028495770296,1.5855841141821938,-1.662316389772696,Ferrothorn
-1.1465609302926867,-0.7399326536759026,-0.12329930082727497,-0.8507167521377771,-0.4279701778797793,-1.3179911057847729,Klink
-0.3628220964103872,0.030790385411543508,0.6789082517249367,-0.08623368946903401,0.4709379882193158,-0.6293405378089266,Klang
-0.3628220964103872,0.6473688166815004,1.320674293766706,-0.08623368946903401,0.4709379882193158,0.7479605981427659,Klinklang
-1.3424956387632614,-0.7399326536759026,-1.085948363889929,-0.8507167521377771,-1.1470967107590553,-0.2850152538210035,Tynamo
-0.16688738793981236,0.18493499322903273,-0.12329930082727497,0.06666292306471461,-0.06840691144014126,-0.9736658217968498,Eelektrik
0.616851445942487,1.109802640133968,0.1975837201936097,0.9840425982672063,0.29115635499949677,-0.6293405378089266,Eelektross
-0.558756804880962,-0.7399326536759026,-0.604623832358602,0.37245614813221184,-0.6077518110995983,-1.3179911057847729,Elgyem
0.22498202900133732,-0.12335422240594572,0.037142209683167365,1.5956290484022009,0.8305012546589539,-0.9736658217968498,Beheeyem
-0.754691513351537,-1.5106556927633488,-0.604623832358602,-0.23913030200278262,-0.6077518110995983,-1.662316389772696,Litwick
-0.3628220964103872,-1.2023664771283702,-0.44418232184815964,0.6782493731997091,-0.4279701778797793,-0.4571778958149651,Lampent
-0.3628220964103872,-0.7399326536759026,0.5184667412144943,2.2072154985371952,0.6507196214391349,0.4036353141548428,Chandelure
-0.9114392801279968,0.2465928363560284,-0.44418232184815964,-1.309406589739023,-1.1470967107590553,-0.38831283901738045,Axew
-0.1277004462456974,1.1714604832609639,-0.12329930082727497,-1.0036133646715257,-0.7875334443194173,-0.0439875550294573,Fraxure
0.2641689706954523,2.096328130165899,0.5184667412144943,-0.39202691453653127,-0.06840691144014126,0.9889882969343121,Haxorus
-0.558756804880962,-0.2774988302234349,-1.085948363889929,-0.39202691453653127,-1.1470967107590553,-0.9736658217968498,Cubchoo
1.0087208628836368,0.9556580323164788,0.1975837201936097,-0.08623368946903401,0.29115635499949677,-0.6293405378089266,Beartic
0.029047320530762477,-0.8940772614933918,-1.4068313849108136,0.6782493731997091,2.268754320417506,1.2644485241246506,Cryogonal
-0.754691513351537,-1.2023664771283702,0.358025230704052,-1.0036133646715257,-0.2481885446599603,-1.4901537477787345,Shelmet
0.42091673747191216,-0.2774988302234349,-1.085948363889929,0.8311459857334578,-0.4279701778797793,2.6417496600763433,Accelgor
1.5573380466012463,-0.40081451647742633,0.32593692860196355,0.25013885810521297,0.9743265612348091,-1.2491260489871883,Stunfisk
-0.9506262218221118,0.18493499322903273,-0.7650653428690443,-0.5449235270702799,-0.7875334443194173,-0.11285261182704193,Mienfoo
-0.16688738793981236,1.4180918557689466,-0.44418232184815964,0.6782493731997091,-0.4279701778797793,1.2644485241246506,Mienshao
0.3033559123895673,1.2639472479514573,0.5184667412144943,-0.39202691453653127,0.6507196214391349,-0.6982055946065113,Druddigon
-0.40200903810450217,-0.15418314396944355,-0.7650653428690443,-1.1565099772052745,-0.7875334443194173,-1.1458284637908114,Golett
0.7735992127189469,1.3872629342054486,0.1975837201936097,-0.5449235270702799,0.29115635499949677,-0.4571778958149651,Golurk
-0.9506262218221118,0.18493499322903273,-0.12329930082727497,-1.0036133646715257,-1.1470967107590553,-0.2850152538210035,Pawniard
-0.16688738793981236,1.4180918557689466,0.839349762235379,-0.39202691453653127,-0.06840691144014126,0.059310030166919644,Bisharp
1.0087208628836368,0.9556580323164788,0.6789082517249367,-1.0036133646715257,0.8305012546589539,-0.4571778958149651,Bouffalant
0.029047320530762477,0.12327715010203703,-0.7650653428690443,-1.095351332191775,-0.7875334443194173,-0.2850152538210035,Rufflet
1.2046555713542115,1.3564340126419507,0.037142209683167365,-0.4837648820567804,0.11137472177967776,0.4036353141548428,Braviary
0.029047320530762477,-0.7399326536759026,0.037142209683167365,-0.8507167521377771,-0.2481885446599603,-0.2850152538210035,Vullaby
1.5965249882953614,-0.43164343804092414,0.9997912727458214,-0.5449235270702799,0.8305012546589539,0.4036353141548428,Mandibuzz
0.616851445942487,0.5548820519910068,-0.2516525092356288,0.9840425982672063,-0.21223221801599648,-0.11285261182704193,Heatmor
-0.4411959797986172,0.924829110752981,1.2244093874604407,-0.758978784617528,-0.8594460976073449,1.40217863771982,Durant
-0.676317629963307,-0.43164343804092414,-0.7650653428690443,-0.8507167521377771,-0.7875334443194173,-1.0425308785944345,Deino
0.10742120391899242,0.18493499322903273,-0.12329930082727497,-0.23913030200278262,-0.06840691144014126,-0.35388031061858816,Zweilous
0.8911600378012918,0.8015134244989897,0.5184667412144943,1.5956290484022009,0.6507196214391349,1.0234208253331045,Hydreigon
-0.558756804880962,0.18493499322903273,-0.604623832358602,-0.6978201396040286,-0.6077518110995983,-0.2850152538210035,Larvesta
0.616851445942487,-0.5857880458584134,-0.2837408113377173,1.9014222734696982,1.1900645210985918,1.0922858821306891,Volcarona
0.8519730961071769,0.33907960104652196,1.7699105231959447,0.5253527606659605,0.0035057418477863482,1.3677461093210277,Cobalion
0.8519730961071769,1.5414075420229378,0.5184667412144943,-0.025075044455534566,0.6507196214391349,1.3677461093210277,Terrakion
0.8519730961071769,0.33907960104652196,-0.059122696623098034,0.5253527606659605,2.0530163605537233,1.3677461093210277,Virizion
0.3817297957777972,1.109802640133968,-0.12329930082727497,1.5956290484022009,0.29115635499949677,1.4710436945174046,TornadusIncarnate Forme
0.3817297957777972,0.6473688166815004,0.1975837201936097,1.136939210800955,0.6507196214391349,1.8153689785053277,TornadusTherian Forme
0.3817297957777972,1.109802640133968,-0.12329930082727497,1.5956290484022009,0.29115635499949677,1.4710436945174046,ThundurusIncarnate Forme
0.3817297957777972,0.8015134244989897,-0.12329930082727497,2.2072154985371952,0.29115635499949677,1.1267184105294814,ThundurusTherian Forme
1.2046555713542115,1.2639472479514573,0.839349762235379,2.360112111070944,1.729409420758049,0.7479605981427659,Reshiram
1.2046555713542115,2.188814894856393,1.4811158042771484,1.4427324358684521,1.0102828878787729,0.7479605981427659,Zekrom
0.7735992127189469,1.4180918557689466,0.5184667412144943,1.2898358233347036,0.29115635499949677,1.1267184105294814,LandorusIncarnate Forme
0.7735992127189469,2.0346702870389035,0.5184667412144943,0.9840425982672063,0.29115635499949677,0.7823931265415582,LandorusTherian Forme
2.184329113707086,1.5722364635864357,0.5184667412144943,1.7485256609359494,0.6507196214391349,0.9201232401367275,Kyurem
2.184329113707086,2.8053933261263495,0.839349762235379,1.4427324358684521,0.6507196214391349,0.9201232401367275,KyuremBlack Kyurem
2.184329113707086,1.2639472479514573,0.5184667412144943,2.9716985612059386,1.0102828878787729,0.9201232401367275,KyuremWhite Kyurem
0.8519730961071769,-0.21584098709643926,0.5184667412144943,1.7179463384291997,0.6507196214391349,1.3677461093210277,KeldeoOrdinary Forme
0.8519730961071769,-0.21584098709643926,0.5184667412144943,1.7179463384291997,0.6507196214391349,1.3677461093210277,KeldeoResolute Forme
1.2046555713542115,-0.061696379278950025,0.1013188138873443,1.68736701592245,2.0170600339097593,0.7479605981427659,MeloettaAria Forme
1.2046555713542115,1.51057862045944,0.5184667412144943,0.12782156807821407,0.18328737506760537,2.056396677296874,MeloettaPirouette Forme
0.06823426222487744,1.2639472479514573,0.6789082517249367,1.4427324358684521,0.8305012546589539,1.0578533537318968,Genesect
-0.5195698631868471,-0.5549591242949156,-0.2837408113377173,-0.758978784617528,-0.9673150775392364,-1.0425308785944345,Chespin
-0.32363515471627224,-0.03086745771545218,0.6789082517249367,-0.5143442045635301,-0.49988283116770693,-0.38831283901738045,Quilladin
0.734412271024832,0.8631712676259853,1.5452924084813253,0.03608360055796488,0.11137472177967776,-0.14728514022583425,Chesnaught
-1.1465609302926867,-1.0482218693108811,-1.085948363889929,-0.33086826952303183,-0.4279701778797793,-0.2850152538210035,Fennekin
-0.40200903810450217,-0.6166169674219112,-0.5083589260523366,0.5253527606659605,-0.06840691144014126,0.1626076153632966,Braixen
0.22498202900133732,-0.3083277517869328,-0.059122696623098034,1.259256500827954,1.0102828878787729,1.2300159957258583,Delphox
-1.1073739885985716,-0.7091037321124047,-1.085948363889929,-0.33086826952303183,-1.0032714041832003,0.09374255856571197,Froakie
-0.5979437465750771,-0.4933012811679198,-0.7008887386648673,0.3112975031187124,-0.5717954844556346,0.9889882969343121,Frogadier
0.10742120391899242,0.4932242088640112,-0.21956420713354038,0.9228839532537069,-0.032450584796177455,1.84980150690412,Greninja
-1.2249348136809166,-1.3256821633823617,-1.150124968094106,-1.2482479447255235,-1.2909220173349105,-0.38831283901738045,Bunnelby
0.616851445942487,-0.7091037321124047,0.1013188138873443,-0.6978201396040286,0.18328737506760537,0.3347702573572582,Diggersby
-0.9506262218221118,-0.8940772614933918,-0.9896834575836636,-1.0036133646715257,-1.219009364046983,-0.21615019702341887,Fletchling
-0.2844482130221573,-0.18501206553294142,-0.604623832358602,-0.5143442045635301,-0.7156207910314898,0.5413654277500121,Fletchinder
0.34254285408368224,0.06161930697504135,-0.09121099872518651,0.03608360055796488,-0.10436323808410507,1.9875316204992892,Talonflame
-1.2249348136809166,-1.3565110849458595,-1.085948363889929,-1.4011445572592722,-1.6864416104185125,-1.1458284637908114,Scatterbug
-0.9506262218221118,-1.7572870652713315,-0.44418232184815964,-1.4011445572592722,-1.5066599771986935,-1.3524236341835654,Spewpa
0.42091673747191216,-0.8324194183663961,-0.7650653428690443,0.5253527606659605,-0.7875334443194173,0.7135280697439736,Vivillon
-0.2844482130221573,-0.8940772614933918,-0.5083589260523366,0.005504278051215159,-0.6437081377435622,0.12817508696450428,Litleo
0.656038387636602,-0.33915667335043065,-0.059122696623098034,1.1063598882942052,-0.21223221801599648,1.2988810525234429,Pyroar
-0.9898131635162267,-1.264024320255366,-1.1180366659920173,-0.36144759202978155,0.25520002835553296,-0.9048007649992652,Flabébé
-0.5979437465750771,-1.0482218693108811,-0.8613302491753098,0.06666292306471461,0.9383702345908452,-0.560475481011342,Floette
0.34254285408368224,-0.43164343804092414,-0.1874759050314519,1.1980978558144544,2.9519245266528182,0.23147267216088122,Florges
-0.1277004462456974,-0.43164343804092414,-0.8292419470732213,-0.33086826952303183,-0.5358391578116707,-0.560475481011342,Skiddo
2.105955230318856,0.6473688166815004,-0.3800057176439827,0.7394080182132086,0.3271126816434606,-0.009555026630664985,Gogoat
-0.08851350455158244,0.09244822853853919,-0.3800057176439827,-0.8201374296310274,-0.8594460976073449,-0.8703682366004729,Pancham
1.0087208628836368,1.3872629342054486,0.13340711598943278,-0.11681301197578374,-0.032450584796177455,-0.35388031061858816,Pangoro
0.22498202900133732,0.030790385411543508,-0.44418232184815964,-0.23913030200278262,0.6507196214391349,1.1611509389282737,Furfrou
-0.2844482130221573,-0.9557351046203875,-0.6367121344606904,-0.30028894701628206,-0.4279701778797793,-0.009555026630664985,Espurr
0.18579508730722236,-0.9557351046203875,0.06923051178525583,0.3112975031187124,0.3271126816434606,1.2300159957258583,MeowsticMale
0.18579508730722236,-0.9557351046203875,0.06923051178525583,0.3112975031187124,0.3271126816434606,1.2300159957258583,MeowsticFemale
-0.9506262218221118,0.030790385411543508,0.839349762235379,-1.1565099772052745,-1.2549656906909468,-1.3868561625823577,Honedge
-0.40200903810450217,0.9556580323164788,2.4437648673398025,-0.8507167521377771,-0.8234897709633812,-1.1458284637908114,Doublade
-0.3628220964103872,2.188814894856393,-0.7650653428690443,2.360112111070944,-0.7875334443194173,-0.2850152538210035,AegislashBlade Forme
-0.3628220964103872,-0.8940772614933918,2.4437648673398025,-0.6978201396040286,2.808099220076963,-0.2850152538210035,AegislashShield Forme
0.34254285408368224,-0.8324194183663961,-0.44418232184815964,-0.30028894701628206,-0.2481885446599603,-1.5590188045763191,Spritzee
1.2438425130483266,-0.21584098709643926,-0.059122696623098034,0.800566663226708,0.614763294795171,-1.3524236341835654,Aromatisse
-0.2844482130221573,-0.9557351046203875,-0.2516525092356288,-0.422606237043281,-0.5358391578116707,-0.6637730662077189,Swirlix
0.49929062086014214,0.030790385411543508,0.39011353280614053,0.37245614813221184,0.11137472177967776,0.12817508696450428,Slurpuff
-0.6371306882691921,-0.7707615752394005,-0.6688004365627789,-1.095351332191775,-0.9313587508952725,-0.8015031798028882,Inkay
0.656038387636602,0.40073744417351764,0.45429013701031745,-0.14739233448253347,0.11137472177967776,0.1626076153632966,Malamar
-1.0681870469044568,-0.8324194183663961,-0.21956420713354038,-1.0341926871782754,-0.5717954844556346,-0.6293405378089266,Binacle
0.10742120391899242,0.8015134244989897,1.320674293766706,-0.5755028495770296,0.5068943148632796,-0.009555026630664985,Barbaracle
-0.754691513351537,-0.5857880458584134,-0.44418232184815964,-0.39202691453653127,-0.4279701778797793,-1.3179911057847729,Skrelp
-0.16688738793981236,-0.12335422240594572,0.5184667412144943,0.7394080182132086,1.8372784006899403,-0.8359357082016805,Dragalge
-0.754691513351537,-0.8015904968028983,-0.3800057176439827,-0.4531855595500307,-0.3201011979478879,-0.8359357082016805,Clauncher
0.06823426222487744,-0.18501206553294142,0.45429013701031745,1.4427324358684521,0.614763294795171,-0.3194477822197958,Clawitzer
-0.9898131635162267,-1.264024320255366,-1.3105664786045483,-0.36144759202978155,-1.039227730827164,0.059310030166919644,Helioptile
-0.2844482130221573,-0.7399326536759026,-0.7008887386648673,1.1063598882942052,0.79454492801499,1.40217863771982,Heliolisk
-0.4411959797986172,0.3082506794830241,0.1013188138873443,-0.8507167521377771,-0.9673150775392364,-0.6982055946065113,Tyrunt
0.49929062086014214,1.294776169514955,1.4490275021750598,-0.11681301197578374,-0.4639265045237431,0.09374255856571197,Tyrantrum
0.3033559123895673,-0.6166169674219112,-0.7650653428690443,-0.1779716569892832,-0.3201011979478879,-0.7670706514040959,Amaura
2.105955230318856,-0.061696379278950025,-0.059122696623098034,0.800566663226708,0.7226322747270625,-0.35388031061858816,Aurorus
1.0087208628836368,-0.43164343804092414,-0.2837408113377173,1.136939210800955,2.088972687197687,-0.2850152538210035,Sylveon
0.34254285408368224,0.40073744417351764,0.037142209683167365,0.03608360055796488,-0.3201011979478879,1.7120713933089509,Hawlucha
-0.08851350455158244,-0.6474458889854091,-0.540447228154425,0.25013885810521297,-0.17627589137203267,1.1267184105294814,Dedenne
-0.754691513351537,-0.8940772614933918,2.4437648673398025,-0.6978201396040286,2.808099220076963,-0.6293405378089266,Carbink
-0.9506262218221118,-0.8940772614933918,-1.2463898744003714,-0.5449235270702799,0.11137472177967776,-0.9736658217968498,Goomy
-0.04932656285746746,-0.12335422240594572,-0.6688004365627789,0.3112975031187124,1.4777151342503023,-0.2850152538210035,Sliggoo
0.8127861544130619,0.6473688166815004,-0.12329930082727497,1.136939210800955,2.808099220076963,0.4036353141548428,Goodra
-0.48038292149273215,0.030790385411543508,0.5505550433165828,0.21955953559846322,0.5428506415072434,0.23147267216088122,Klefki
-1.0290001052103417,-0.2774988302234349,-0.8292419470732213,-0.6978201396040286,-0.4279701778797793,-1.0425308785944345,Phantump
0.616851445942487,0.9556580323164788,0.06923051178525583,-0.23913030200278262,0.3630690082874244,-0.42274536741617275,Trevenant
-0.7938784550456519,-0.40081451647742633,-0.12329930082727497,-0.8812960746445269,-0.6077518110995983,-0.5949080094101343,PumpkabooAverage Size
-0.9898131635162267,-0.40081451647742633,-0.12329930082727497,-0.8812960746445269,-0.6077518110995983,-0.42274536741617275,PumpkabooSmall Size
-0.5979437465750771,-0.40081451647742633,-0.12329930082727497,-0.8812960746445269,-0.6077518110995983,-0.7670706514040959,PumpkabooLarge Size
-0.40200903810450217,-0.40081451647742633,-0.12329930082727497,-0.8812960746445269,-0.6077518110995983,-0.9392332933980575,PumpkabooSuper Size
-0.16688738793981236,0.33907960104652196,1.5452924084813253,-0.4531855595500307,0.11137472177967776,0.5413654277500121,GourgeistAverage Size
-0.558756804880962,0.18493499322903273,1.5452924084813253,-0.4531855595500307,0.11137472177967776,1.0578533537318968,GourgeistSmall Size
0.22498202900133732,0.4932242088640112,1.5452924084813253,-0.4531855595500307,0.11137472177967776,0.02487750176812733,GourgeistLarge Size
0.616851445942487,0.6473688166815004,1.5452924084813253,-0.4531855595500307,0.11137472177967776,-0.4916104242137574,GourgeistSuper Size
-0.558756804880962,-0.3083277517869328,0.358025230704052,-1.2482479447255235,-1.3268783439788745,-1.3868561625823577,Bergmite
1.0087208628836368,1.1714604832609639,3.5347671388108104,-0.8812960746445269,-0.9313587508952725,-1.3868561625823577,Avalugg
-1.1465609302926867,-1.5106556927633488,-1.2463898744003714,-0.8507167521377771,-1.1470967107590553,-0.4571778958149651,Noibat
0.616851445942487,-0.2774988302234349,0.1975837201936097,0.7394080182132086,0.29115635499949677,1.8842340353029123,Noivern
2.223516055401201,1.6030653851499335,0.6789082517249367,1.7791049834426993,0.9383702345908452,1.0578533537318968,Xerneas
2.223516055401201,1.6030653851499335,0.6789082517249367,1.7791049834426993,0.9383702345908452,1.0578533537318968,Yveltal
1.5181511049071312,0.6473688166815004,1.5132041063792367,0.25013885810521297,0.8305012546589539,0.9201232401367275,Zygarde50% Forme
-0.754691513351537,0.6473688166815004,2.4437648673398025,0.8311459857334578,2.808099220076963,-0.6293405378089266,Diancie
-0.754691513351537,2.497104110491371,1.1602327832562638,2.665905336138441,1.3698461543184108,1.4366111661186123,DiancieMega Diancie
0.42091673747191216,0.9556580323164788,-0.44418232184815964,2.360112111070944,2.088972687197687,0.059310030166919644,HoopaHoopa Confined
0.42091673747191216,2.497104110491371,-0.44418232184815964,2.9716985612059386,2.088972687197687,0.4036353141548428,HoopaHoopa Unbound
0.42091673747191216,0.9556580323164788,1.4811158042771484,1.7485256609359494,0.6507196214391349,0.059310030166919644,Volcanion
