HP,Attack,Defense,Sp. Atk,Sp. Def,Speed,class,cluster
-0.9506262218221118,-0.9249061830568897,-0.7971536449711327,-0.2391303020027826,-0.2481885446599603,-0.8015031798028882,Bulbasaur,1
-0.3628220964103872,-0.5241302027314176,-0.3479174155418942,0.2195595355984632,0.2911563549994967,-0.2850152538210035,Ivysaur,1
0.4209167374719121,0.0924482285385391,0.2938486264998751,0.8311459857334578,1.0102828878787729,0.4036353141548428,Venusaur,0
0.4209167374719121,0.6473688166815004,1.5773807105834137,1.5038910808819517,1.729409420758049,0.4036353141548428,VenusaurMega Venusaur,0
-1.1857478719868015,-0.8324194183663961,-0.9896834575836636,-0.3920269145365312,-0.7875334443194173,-0.1128526118270419,Charmander,1
-0.4411959797986172,-0.462472359604422,-0.5083589260523366,0.2195595355984632,-0.2481885446599603,0.4036353141548428,Charmeleon,1
0.3425428540836822,0.1541060716655349,0.1334071159894327,1.1063598882942052,0.4709379882193158,1.0922858821306891,Charizard,0
0.3425428540836822,1.5722364635864357,1.192321085358352,1.7485256609359494,0.4709379882193158,1.0922858821306891,CharizardMega Charizard X,0
0.3425428540836822,0.7706845029354917,0.1334071159894327,2.6353260136316914,1.5496277875382298,1.0922858821306891,CharizardMega Charizard Y,0
-0.9898131635162268,-0.9557351046203876,-0.2837408113377173,-0.6978201396040286,-0.2841448713039241,-0.8703682366004729,Squirtle,1
-0.4020090381045021,-0.4933012811679198,0.1975837201936097,-0.2391303020027826,0.2911563549994967,-0.3538803106185881,Wartortle,1
0.3817297957777972,0.123277150102037,0.839349762235379,0.3724561481322118,1.1900645210985918,0.3347702573572582,Blastoise,2
0.3817297957777972,0.7398555813719939,1.4811158042771484,1.9014222734696984,1.5496277875382298,0.3347702573572582,BlastoiseMega Blastoise,0
-0.9506262218221118,-1.5106556927633488,-1.2463898744003714,-1.6151998148065203,-1.8662232436383317,-0.8015031798028882,Caterpie,1
-0.754691513351537,-1.8189449083983271,-0.604623832358602,-1.4623032022727716,-1.6864416104185125,-1.3179911057847729,Metapod,1
-0.3628220964103872,-1.0482218693108811,-0.7650653428690443,0.5253527606659605,0.2911563549994967,0.0593100301669196,Butterfree,1
-1.146560930292687,-1.3565110849458597,-1.4068313849108136,-1.6151998148065203,-1.8662232436383317,-0.6293405378089266,Weedle,1
-0.9506262218221118,-1.6648003005808378,-0.7650653428690443,-1.4623032022727716,-1.6864416104185125,-1.1458284637908114,Kakuna,1
-0.1668873879398123,0.3390796010465219,-1.085948363889929,-0.8507167521377771,0.2911563549994967,0.2314726721608812,Beedrill,1
-0.1668873879398123,2.188814894856393,-1.085948363889929,-1.7680964273402688,0.2911563549994967,2.6417496600763433,BeedrillMega Beedrill,0
-1.146560930292687,-1.0482218693108811,-1.085948363889929,-1.1565099772052745,-1.3268783439788745,-0.4227453674161727,Pidgey,1
-0.2452612713280423,-0.5857880458584134,-0.604623832358602,-0.6978201396040286,-0.7875334443194173,0.0937425585657119,Pidgeotto,1
0.538477562554257,0.0307903854115435,0.0371422096831673,-0.086233689469034,-0.0684069114401412,1.1267184105294814,Pidgeot,0
0.538477562554257,0.0307903854115435,0.1975837201936097,1.9014222734696984,0.2911563549994967,1.8153689785053275,PidgeotMega Pidgeot,0
-1.5384303472338363,-0.7091037321124047,-1.2463898744003714,-1.4623032022727716,-1.3268783439788745,0.1281750869645042,Rattata,1
-0.558756804880962,0.0616193069750413,-0.4441823218481596,-0.6978201396040286,-0.0684069114401412,0.988988296934312,Raticate,1
-1.146560930292687,-0.5857880458584134,-1.4068313849108136,-1.2788272672322734,-1.4707036505547295,0.0593100301669196,Spearow,1
-0.1668873879398123,0.3390796010465219,-0.2837408113377173,-0.3614475920297815,-0.3920138512358155,1.0922858821306891,Fearow,0
-1.3424956387632614,-0.5857880458584134,-0.9575951554815753,-1.0036133646715255,-0.6437081377435622,-0.4571778958149651,Ekans,1
-0.3628220964103872,0.1849349932290327,-0.1553876029293634,-0.2391303020027826,0.2552000283555329,0.4036353141548428,Arbok,0
-1.3424956387632614,-0.7399326536759026,-1.085948363889929,-0.6978201396040286,-0.7875334443194173,0.7479605981427659,Pikachu,1
-0.3628220964103872,0.3390796010465219,-0.604623832358602,0.5253527606659605,0.2911563549994967,1.4366111661186125,Raichu,0
-0.754691513351537,-0.1233542224059457,0.358025230704052,-1.6151998148065203,-1.5066599771986935,-0.9736658217968498,Sandshrew,1
0.2249820290013373,0.6473688166815004,1.1602327832562638,-0.8507167521377771,-0.6077518110995983,-0.1128526118270419,Sandslash,2
-0.558756804880962,-0.9865640261838854,-0.7008887386648673,-1.0036133646715255,-1.1470967107590553,-0.9392332933980576,Nidoran♀,1
0.0290473205307624,-0.5241302027314176,-0.2195642071335403,-0.5449235270702799,-0.6077518110995983,-0.4227453674161727,Nidorina,1
0.8127861544130619,0.4007374441735176,0.422201834908229,0.0666629230647146,0.4709379882193158,0.2659052005596735,Nidoqueen,2
-0.9114392801279968,-0.6782748105489069,-1.085948363889929,-1.0036133646715255,-1.1470967107590553,-0.6293405378089266,Nidoran♂,1
-0.3236351547162722,-0.2158409870964392,-0.540447228154425,-0.5449235270702799,-0.6077518110995983,-0.1128526118270419,Nidorino,1
0.4601036791660271,0.7090266598084961,0.1013188138873443,0.3724561481322118,0.1113747217796777,0.5757979561488044,Nidoking,0
0.0290473205307624,-1.0482218693108811,-0.8292419470732213,-0.3920269145365312,-0.2481885446599603,-1.1458284637908114,Clefairy,1
1.0087208628836368,-0.2774988302234349,-0.0270343945210095,0.6782493731997091,0.6507196214391349,-0.2850152538210035,Clefable,2
-1.2249348136809166,-1.1715375555648724,-1.085948363889929,-0.6978201396040286,-0.2481885446599603,-0.1128526118270419,Vulpix,1
0.1466081456131074,-0.0925253008424478,0.0371422096831673,0.2501388581052129,1.0102828878787729,1.0922858821306891,Ninetales,0
1.792459696765936,-1.0482218693108811,-1.7277144059316982,-0.8507167521377771,-1.6864416104185125,-1.662316389772696,Jigglypuff,1
2.7721332391188103,-0.2774988302234349,-0.9255068533794868,0.3724561481322118,-0.7875334443194173,-0.8015031798028882,Wigglytuff,2
-1.146560930292687,-1.0482218693108811,-1.2463898744003714,-1.309406589739023,-1.1470967107590553,-0.4571778958149651,Zubat,1
0.2249820290013373,0.0307903854115435,-0.1232993008272749,-0.2391303020027826,0.1113747217796777,0.7479605981427659,Golbat,0
-0.9506262218221118,-0.8940772614933918,-0.604623832358602,0.0666629230647146,-0.2481885446599603,-1.3179911057847729,Oddish,1
-0.3628220964103872,-0.4316434380409241,-0.1232993008272749,0.3724561481322118,0.1113747217796777,-0.9736658217968498,Gloom,1
0.2249820290013373,0.0307903854115435,0.358025230704052,1.136939210800955,0.6507196214391349,-0.6293405378089266,Vileplume,2
-1.3424956387632614,-0.2774988302234349,-0.604623832358602,-0.8507167521377771,-0.6077518110995983,-1.4901537477787343,Paras,1
-0.3628220964103872,0.4932242088640112,0.1975837201936097,-0.3920269145365312,0.2911563549994967,-1.3179911057847729,Parasect,2
-0.3628220964103872,-0.7399326536759026,-0.7650653428690443,-1.0036133646715255,-0.6077518110995983,-0.8015031798028882,Venonat,1
0.0290473205307624,-0.4316434380409241,-0.4441823218481596,0.5253527606659605,0.1113747217796777,0.7479605981427659,Venomoth,0
-2.3221691811161356,-0.7399326536759026,-1.567272895421256,-1.1565099772052745,-0.9673150775392364,0.9201232401367276,Diglett,1
-1.3424956387632614,0.0307903854115435,-0.7650653428690443,-0.6978201396040286,-0.0684069114401412,1.7809364501065357,Dugtrio,1
-1.146560930292687,-1.0482218693108811,-1.2463898744003714,-1.0036133646715255,-1.1470967107590553,0.7479605981427659,Meowth,1
-0.1668873879398123,-0.2774988302234349,-0.4441823218481596,-0.2391303020027826,-0.2481885446599603,1.6087738081125738,Persian,0
-0.754691513351537,-0.8324194183663961,-0.8292419470732213,-0.2391303020027826,-0.7875334443194173,-0.4571778958149651,Psyduck,1
0.4209167374719121,0.0924482285385391,0.1334071159894327,0.6782493731997091,0.2911563549994967,0.5757979561488044,Golduck,0
-1.146560930292687,0.0307903854115435,-1.2463898744003714,-1.1565099772052745,-0.9673150775392364,0.0593100301669196,Mankey,1
-0.1668873879398123,0.8015134244989897,-0.4441823218481596,-0.3920269145365312,-0.0684069114401412,0.9201232401367276,Primeape,0
-0.558756804880962,-0.2774988302234349,-0.9255068533794868,-0.086233689469034,-0.7875334443194173,-0.2850152538210035,Growlithe,1
0.8127861544130619,0.9556580323164788,0.1975837201936097,0.8311459857334578,0.2911563549994967,0.9201232401367276,Arcanine,0
-1.146560930292687,-0.8940772614933918,-1.085948363889929,-1.0036133646715255,-1.1470967107590553,0.7479605981427659,Poliwag,1
-0.1668873879398123,-0.4316434380409241,-0.2837408113377173,-0.6978201396040286,-0.7875334443194173,0.7479605981427659,Poliwhirl,1
0.8127861544130619,0.4932242088640112,0.6789082517249367,-0.086233689469034,0.6507196214391349,0.0593100301669196,Poliwrath,2
-1.7343650557044112,-1.8189449083983271,-1.8881559164421409,0.9840425982672064,-0.6077518110995983,0.7479605981427659,Abra,1
-1.146560930292687,-1.3565110849458597,-1.4068313849108136,1.442732435868452,-0.0684069114401412,1.2644485241246506,Kadabra,1
-0.558756804880962,-0.8940772614933918,-0.9255068533794868,1.9014222734696984,0.8305012546589539,1.7809364501065357,Alakazam,0
-0.558756804880962,-0.8940772614933918,-0.2837408113377173,3.124595173739687,0.8305012546589539,2.813912302070305,AlakazamMega Alakazam,0
0.0290473205307624,0.0307903854115435,-0.7650653428690443,-1.1565099772052745,-1.3268783439788745,-1.1458284637908114,Machop,1
0.4209167374719121,0.6473688166815004,-0.1232993008272749,-0.6978201396040286,-0.4279701778797793,-0.8015031798028882,Machoke,2
0.8127861544130619,1.5722364635864357,0.1975837201936097,-0.2391303020027826,0.4709379882193158,-0.4571778958149651,Machamp,2
-0.754691513351537,-0.1233542224059457,-1.2463898744003714,-0.086233689469034,-1.5066599771986935,-0.9736658217968498,Bellsprout,1
-0.1668873879398123,0.3390796010465219,-0.7650653428690443,0.3724561481322118,-0.9673150775392364,-0.4571778958149651,Weepinbell,1
0.4209167374719121,0.8015134244989897,-0.2837408113377173,0.8311459857334578,-0.0684069114401412,0.0593100301669196,Victreebel,0
-1.146560930292687,-1.2023664771283702,-1.2463898744003714,-0.6978201396040286,1.0102828878787729,0.0593100301669196,Tentacool,1
0.4209167374719121,-0.2774988302234349,-0.2837408113377173,0.2195595355984632,1.729409420758049,1.0922858821306891,Tentacruel,0
-1.146560930292687,0.0307903854115435,0.839349762235379,-1.309406589739023,-1.5066599771986935,-1.662316389772696,Geodude,1
-0.558756804880962,0.4932242088640112,1.320674293766706,-0.8507167521377771,-0.9673150775392364,-1.1458284637908114,Graveler,2
0.4209167374719121,1.2639472479514573,1.801998825298033,-0.5449235270702799,-0.2481885446599603,-0.8015031798028882,Golem,2
-0.754691513351537,0.1849349932290327,-0.604623832358602,-0.2391303020027826,-0.2481885446599603,0.7479605981427659,Ponyta,1
-0.1668873879398123,0.6473688166815004,-0.1232993008272749,0.2195595355984632,0.2911563549994967,1.2644485241246506,Rapidash,0
0.8127861544130619,-0.4316434380409241,-0.2837408113377173,-1.0036133646715255,-1.1470967107590553,-1.8344790317666575,Slowpoke,1
1.0087208628836368,-0.1233542224059457,1.1602327832562638,0.8311459857334578,0.2911563549994967,-1.3179911057847729,Slowbro,2
1.0087208628836368,-0.1233542224059457,3.4064139304024565,1.7485256609359494,0.2911563549994967,-1.3179911057847729,SlowbroMega Slowbro,2
-1.7343650557044112,-1.3565110849458597,-0.1232993008272749,0.6782493731997091,-0.6077518110995983,-0.8015031798028882,Magnemite,1
-0.754691513351537,-0.5857880458584134,0.6789082517249367,1.442732435868452,-0.0684069114401412,0.0593100301669196,Magneton,0
-0.676317629963307,-0.4316434380409241,-0.604623832358602,-0.4531855595500307,-0.3560575245918517,-0.2850152538210035,Farfetch'd,1
-1.3424956387632614,0.1849349932290327,-0.9255068533794868,-1.1565099772052745,-1.3268783439788745,0.2314726721608812,Doduo,1
-0.3628220964103872,0.9556580323164788,-0.1232993008272749,-0.3920269145365312,-0.4279701778797793,1.0922858821306891,Dodrio,0
-0.1668873879398123,-1.0482218693108811,-0.604623832358602,-0.8507167521377771,-0.0684069114401412,-0.8015031798028882,Seel,1
0.8127861544130619,-0.2774988302234349,0.1975837201936097,-0.086233689469034,0.8305012546589539,0.0593100301669196,Dewgong,2
0.4209167374719121,0.0307903854115435,-0.7650653428690443,-1.0036133646715255,-0.7875334443194173,-1.4901537477787343,Grimer,1
1.4005902798247865,0.8015134244989897,0.0371422096831673,-0.2391303020027826,1.0102828878787729,-0.6293405378089266,Muk,2
-1.5384303472338363,-0.4316434380409241,0.839349762235379,-0.8507167521377771,-1.6864416104185125,-0.9736658217968498,Shellder,1
-0.754691513351537,0.4932242088640112,3.4064139304024565,0.3724561481322118,-0.9673150775392364,0.0593100301669196,Cloyster,2
-1.5384303472338363,-1.3565110849458597,-1.4068313849108136,0.8311459857334578,-1.3268783439788745,0.4036353141548428,Gastly,1
-0.9506262218221118,-0.8940772614933918,-0.9255068533794868,1.2898358233347036,-0.6077518110995983,0.9201232401367276,Haunter,1
-0.3628220964103872,-0.4316434380409241,-0.4441823218481596,1.7485256609359494,0.1113747217796777,1.4366111661186125,Gengar,0
-0.3628220964103872,-0.4316434380409241,0.1975837201936097,2.9716985612059386,0.8305012546589539,2.1252617340944586,GengarMega Gengar,0
-1.3424956387632614,-1.0482218693108811,2.764647888360687,-1.309406589739023,-0.9673150775392364,0.0593100301669196,Onix,1
-0.3628220964103872,-0.9557351046203876,-0.9255068533794868,-0.9118753971512766,0.6507196214391349,-0.9048007649992652,Drowzee,1
0.616851445942487,-0.1850120655329414,-0.1232993008272749,0.0055042780512151,1.5496277875382298,-0.0439875550294573,Hypno,2
-1.5384303472338363,0.8015134244989897,0.5184667412144943,-1.4623032022727716,-1.6864416104185125,-0.6293405378089266,Krabby,1
-0.558756804880962,1.5722364635864357,1.320674293766706,-0.6978201396040286,-0.7875334443194173,0.2314726721608812,Kingler,2
-1.146560930292687,-1.5106556927633488,-0.7650653428690443,-0.5449235270702799,-0.6077518110995983,1.0922858821306891,Voltorb,1
-0.3628220964103872,-0.8940772614933918,-0.1232993008272749,0.2195595355984632,0.2911563549994967,2.4695870180823816,Electrode,0
-0.3628220964103872,-1.2023664771283702,0.1975837201936097,-0.3920269145365312,-0.9673150775392364,-0.9736658217968498,Exeggcute,1
1.0087208628836368,0.4932242088640112,0.358025230704052,1.5956290484022009,-0.2481885446599603,-0.4571778958149651,Exeggutor,2
-0.754691513351537,-0.8940772614933918,0.6789082517249367,-1.0036133646715255,-0.7875334443194173,-1.1458284637908114,Cubone,1
-0.3628220964103872,0.0307903854115435,1.1602327832562638,-0.6978201396040286,0.2911563549994967,-0.8015031798028882,Marowak,2
-0.754691513351537,1.2639472479514573,-0.6688004365627789,-1.1565099772052745,1.3698461543184108,0.644663012946389,Hitmonlee,0
-0.754691513351537,0.8015134244989897,0.1654954180915212,-1.1565099772052745,1.3698461543184108,0.2659052005596735,Hitmonchan,2
0.8127861544130619,-0.7399326536759026,0.0371422096831673,-0.3920269145365312,0.1113747217796777,-1.3179911057847729,Lickitung,2
-1.146560930292687,-0.4316434380409241,0.6789082517249367,-0.3920269145365312,-0.9673150775392364,-1.1458284637908114,Koffing,1
-0.1668873879398123,0.3390796010465219,1.4811158042771484,0.3724561481322118,-0.0684069114401412,-0.2850152538210035,Weezing,2
0.4209167374719121,0.1849349932290327,0.6789082517249367,-1.309406589739023,-1.5066599771986935,-1.4901537477787343,Rhyhorn,1
1.4005902798247865,1.5722364635864357,1.4811158042771484,-0.8507167521377771,-0.9673150775392364,-0.9736658217968498,Rhydon,2
7.082696825471457,-2.2813787318507948,-2.2090389374630255,-1.1565099772052745,1.1900645210985918,-0.6293405378089266,Chansey,2
-0.1668873879398123,-0.7399326536759026,1.320674293766706,0.8311459857334578,-1.1470967107590553,-0.2850152538210035,Tangela,2
1.4005902798247865,0.4932242088640112,0.1975837201936097,-1.0036133646715255,0.2911563549994967,0.7479605981427659,Kangaskhan,2
1.4005902798247865,1.4180918557689466,0.839349762235379,-0.3920269145365312,1.0102828878787729,1.0922858821306891,KangaskhanMega Kangaskhan,0
-1.5384303472338363,-1.2023664771283702,-0.1232993008272749,-0.086233689469034,-1.6864416104185125,-0.2850152538210035,Horsea,1
-0.558756804880962,-0.4316434380409241,0.6789082517249367,0.6782493731997091,-0.9673150775392364,0.5757979561488044,Seadra,1
-0.9506262218221118,-0.3699855949139284,-0.4441823218481596,-1.1565099772052745,-0.7875334443194173,-0.1817176686246265,Goldeen,1
0.4209167374719121,0.4007374441735176,-0.2837408113377173,-0.2391303020027826,0.2911563549994967,-0.0095550266306649,Seaking,2
-1.5384303472338363,-1.0482218693108811,-0.604623832358602,-0.086233689469034,-0.6077518110995983,0.5757979561488044,Staryu,1
-0.3628220964103872,-0.1233542224059457,0.358025230704052,0.8311459857334578,0.4709379882193158,1.6087738081125738,Starmie,0
-1.146560930292687,-1.0482218693108811,-0.2837408113377173,0.8311459857334578,1.729409420758049,0.7479605981427659,Mr. Mime,0
0.0290473205307624,0.9556580323164788,0.1975837201936097,-0.5449235270702799,0.2911563549994967,1.2644485241246506,Scyther,0
-0.1668873879398123,-0.8940772614933918,-1.2463898744003714,1.2898358233347036,0.8305012546589539,0.9201232401367276,Jynx,0
-0.1668873879398123,0.123277150102037,-0.540447228154425,0.6782493731997091,0.4709379882193158,1.2644485241246506,Electabuzz,0
-0.1668873879398123,0.4932242088640112,-0.540447228154425,0.8311459857334578,0.4709379882193158,0.8512581833391429,Magmar,0
-0.1668873879398123,1.4180918557689466,0.839349762235379,-0.5449235270702799,-0.0684069114401412,0.5757979561488044,Pinsir,2
-0.1668873879398123,2.3429595026738816,1.4811158042771484,-0.2391303020027826,0.6507196214391349,1.2644485241246506,PinsirMega Pinsir,0
0.2249820290013373,0.6473688166815004,0.6789082517249367,-1.0036133646715255,-0.0684069114401412,1.4366111661186125,Tauros,0
-1.930299764174986,-2.1272341240333055,-0.604623832358602,-1.7680964273402688,-1.8662232436383317,0.4036353141548428,Magikarp,1
1.0087208628836368,1.4180918557689466,0.1654954180915212,-0.3920269145365312,1.0102828878787729,0.4380678425536351,Gyarados,2
1.0087208628836368,2.3429595026738816,1.1281444811541752,-0.086233689469034,2.088972687197687,0.4380678425536351,GyaradosMega Gyarados,2
2.380263822177661,0.1849349932290327,0.1975837201936097,0.3724561481322118,0.8305012546589539,-0.2850152538210035,Lapras,2
-0.8330653967397669,-0.9557351046203876,-0.8292419470732213,-0.758978784617528,-0.8594460976073449,-0.6982055946065113,Ditto,1
-0.558756804880962,-0.7399326536759026,-0.7650653428690443,-0.8507167521377771,-0.2481885446599603,-0.4571778958149651,Eevee,1
2.380263822177661,-0.4316434380409241,-0.4441823218481596,1.136939210800955,0.8305012546589539,-0.1128526118270419,Vaporeon,2
-0.1668873879398123,-0.4316434380409241,-0.4441823218481596,1.136939210800955,0.8305012546589539,2.1252617340944586,Jolteon,0
-0.1668873879398123,1.5722364635864357,-0.4441823218481596,0.6782493731997091,1.3698461543184108,-0.1128526118270419,Flareon,0
-0.1668873879398123,-0.5857880458584134,-0.1232993008272749,0.3724561481322118,0.1113747217796777,-0.9736658217968498,Porygon,1
-1.3424956387632614,-1.2023664771283702,0.839349762235379,0.5253527606659605,-0.6077518110995983,-1.1458284637908114,Omanyte,1
0.0290473205307624,-0.5857880458584134,1.6415573147875908,1.2898358233347036,-0.0684069114401412,-0.4571778958149651,Omastar,2
-1.5384303472338363,0.0307903854115435,0.5184667412144943,-0.5449235270702799,-0.9673150775392364,-0.4571778958149651,Kabuto,1
-0.3628220964103872,1.109802640133968,0.9997912727458214,-0.2391303020027826,-0.0684069114401412,0.4036353141548428,Kabutops,2
0.4209167374719121,0.8015134244989897,-0.2837408113377173,-0.3920269145365312,0.1113747217796777,2.1252617340944586,Aerodactyl,0
0.4209167374719121,1.726381071403925,0.358025230704052,-0.086233689469034,0.8305012546589539,2.813912302070305,AerodactylMega Aerodactyl,0
3.55587207300111,0.9556580323164788,-0.2837408113377173,-0.2391303020027826,1.3698461543184108,-1.3179911057847729,Snorlax,2
0.8127861544130619,0.1849349932290327,0.839349762235379,0.6782493731997091,1.909191053977868,0.5757979561488044,Articuno,0
0.8127861544130619,0.3390796010465219,0.358025230704052,1.5956290484022009,0.6507196214391349,1.0922858821306891,Zapdos,0
0.8127861544130619,0.6473688166815004,0.5184667412144943,1.5956290484022009,0.4709379882193158,0.7479605981427659,Moltres,0
-1.1073739885985716,-0.462472359604422,-0.9255068533794868,-0.6978201396040286,-0.7875334443194173,-0.6293405378089266,Dratini,1
-0.3236351547162722,0.1541060716655349,-0.2837408113377173,-0.086233689469034,-0.0684069114401412,0.0593100301669196,Dragonair,1
0.8519730961071769,1.6955521498404271,0.6789082517249367,0.8311459857334578,1.0102828878787729,0.4036353141548428,Dragonite,0
1.4397772215189013,0.9556580323164788,0.5184667412144943,2.482429401097942,0.6507196214391349,2.1252617340944586,Mewtwo,0
1.4397772215189013,3.421971757396306,0.839349762235379,2.482429401097942,1.0102828878787729,2.1252617340944586,MewtwoMega Mewtwo X,0
1.4397772215189013,2.188814894856393,-0.1232993008272749,3.705602301367932,1.729409420758049,2.4695870180823816,MewtwoMega Mewtwo Y,0
1.2046555713542115,0.6473688166815004,0.839349762235379,0.8311459857334578,1.0102828878787729,1.0922858821306891,Mew,0
-0.9506262218221118,-0.9249061830568897,-0.2837408113377173,-0.7283994621107782,-0.2481885446599603,-0.8015031798028882,Chikorita,1
-0.3628220964103872,-0.5241302027314176,0.1975837201936097,-0.300288947016282,0.2911563549994967,-0.2850152538210035,Bayleef,1
0.4209167374719121,0.0924482285385391,0.839349762235379,0.3112975031187124,1.0102828878787729,0.4036353141548428,Meganium,2
-1.1857478719868015,-0.8324194183663961,-0.9896834575836636,-0.3920269145365312,-0.7875334443194173,-0.1128526118270419,Cyndaquil,1
-0.4411959797986172,-0.462472359604422,-0.5083589260523366,0.2195595355984632,-0.2481885446599603,0.4036353141548428,Quilava,1
0.3425428540836822,0.1541060716655349,0.1334071159894327,1.1063598882942052,0.4709379882193158,1.0922858821306891,Typhlosion,0
-0.754691513351537,-0.4316434380409241,-0.3158291134398058,-0.8812960746445269,-0.8594460976073449,-0.8703682366004729,Totodile,1
-0.1668873879398123,0.0307903854115435,0.1975837201936097,-0.422606237043281,-0.3201011979478879,-0.3538803106185881,Croconaw,1
0.616851445942487,0.8015134244989897,0.839349762235379,0.1889802130917135,0.3990253349313882,0.3347702573572582,Feraligatr,2
-1.3424956387632614,-1.017392947747383,-1.2784781765024598,-1.1565099772052745,-0.9673150775392364,-1.662316389772696,Sentret,1
0.616851445942487,-0.0925253008424478,-0.3158291134398058,-0.8507167521377771,-0.6077518110995983,0.7479605981427659,Furret,1
-0.3628220964103872,-1.5106556927633488,-1.4068313849108136,-1.1259306546985246,-0.5717954844556346,-0.6293405378089266,Hoothoot,1
1.2046555713542115,-0.8940772614933918,-0.7650653428690443,0.0972422455714643,0.8664575813029176,0.0593100301669196,Noctowl,2
-1.146560930292687,-1.8189449083983271,-1.4068313849108136,-1.0036133646715255,0.2911563549994967,-0.4571778958149651,Ledyba,1
-0.558756804880962,-1.3565110849458597,-0.7650653428690443,-0.5449235270702799,1.3698461543184108,0.5757979561488044,Ledian,1
-1.146560930292687,-0.5857880458584134,-1.085948363889929,-1.0036133646715255,-1.1470967107590553,-1.3179911057847729,Spinarak,1
0.0290473205307624,0.3390796010465219,-0.1232993008272749,-0.3920269145365312,-0.4279701778797793,-0.9736658217968498,Ariados,1
0.616851445942487,0.3390796010465219,0.1975837201936097,-0.086233689469034,0.2911563549994967,2.1252617340944586,Crobat,0
0.2249820290013373,-1.264024320255366,-1.150124968094106,-0.5143442045635301,-0.5717954844556346,-0.0439875550294573,Chinchou,1
2.184329113707086,-0.6474458889854091,-0.5083589260523366,0.0972422455714643,0.1473310484236415,-0.0439875550294573,Lanturn,2
-1.930299764174986,-1.2023664771283702,-1.8881559164421409,-1.1565099772052745,-1.3268783439788745,-0.2850152538210035,Pichu,1
-0.754691513351537,-1.6648003005808378,-1.4710079891149903,-0.8507167521377771,-0.6077518110995983,-1.8344790317666575,Cleffa,1
0.8127861544130619,-1.5106556927633488,-1.8881559164421409,-1.0036133646715255,-1.8662232436383317,-1.8344790317666575,Igglybuff,1
-1.3424956387632614,-1.8189449083983271,-0.2837408113377173,-1.0036133646715255,-0.2481885446599603,-1.662316389772696,Togepi,1
-0.558756804880962,-1.2023664771283702,0.358025230704052,0.2195595355984632,1.1900645210985918,-0.9736658217968498,Togetic,2
-1.146560930292687,-0.8940772614933918,-0.9255068533794868,-0.086233689469034,-0.9673150775392364,0.0593100301669196,Natu,1
-0.1668873879398123,-0.1233542224059457,-0.1232993008272749,0.6782493731997091,-0.0684069114401412,0.9201232401367276,Xatu,0
-0.558756804880962,-1.2023664771283702,-1.085948363889929,-0.2391303020027826,-0.9673150775392364,-1.1458284637908114,Mareep,1
0.0290473205307624,-0.7399326536759026,-0.604623832358602,0.2195595355984632,-0.4279701778797793,-0.8015031798028882,Flaaffy,1
0.8127861544130619,-0.1233542224059457,0.358025230704052,1.2898358233347036,0.6507196214391349,-0.4571778958149651,Ampharos,2
0.8127861544130619,0.4932242088640112,0.9997912727458214,2.81880194867219,1.3698461543184108,-0.8015031798028882,AmpharosMega Ampharos,2
0.2249820290013373,0.0307903854115435,0.6789082517249367,0.5253527606659605,1.0102828878787729,-0.6293405378089266,Bellossom,2
0.0290473205307624,-1.8189449083983271,-0.7650653428690443,-1.6151998148065203,-0.7875334443194173,-0.9736658217968498,Marill,1
1.2046555713542115,-0.8940772614933918,0.1975837201936097,-0.3920269145365312,0.2911563549994967,-0.6293405378089266,Azumarill,2
0.0290473205307624,0.6473688166815004,1.320674293766706,-1.309406589739023,-0.2481885446599603,-1.3179911057847729,Sudowoodo,2
0.8127861544130619,-0.1233542224059457,0.0371422096831673,0.5253527606659605,1.0102828878787729,0.0593100301669196,Politoed,2
-1.3424956387632614,-1.3565110849458597,-1.085948363889929,-1.1565099772052745,-0.6077518110995983,-0.6293405378089266,Hoppip,1
-0.558756804880962,-1.0482218693108811,-0.7650653428690443,-0.8507167521377771,-0.2481885446599603,0.4036353141548428,Skiploom,1
0.2249820290013373,-0.7399326536759026,-0.1232993008272749,-0.5449235270702799,0.8305012546589539,1.4366111661186125,Jumpluff,0
-0.558756804880962,-0.2774988302234349,-0.604623832358602,-1.0036133646715255,-0.6077518110995983,0.5757979561488044,Aipom,1
-1.5384303472338363,-1.5106556927633488,-1.4068313849108136,-1.309406589739023,-1.5066599771986935,-1.3179911057847729,Sunkern,1
0.2249820290013373,-0.1233542224059457,-0.604623832358602,0.9840425982672064,0.4709379882193158,-1.3179911057847729,Sunflora,2
-0.1668873879398123,-0.4316434380409241,-0.9255068533794868,0.0666629230647146,-0.9673150775392364,0.9201232401367276,Yanma,1
-0.558756804880962,-1.0482218693108811,-0.9255068533794868,-1.4623032022727716,-1.6864416104185125,-1.8344790317666575,Wooper,1
1.0087208628836368,0.1849349932290327,0.358025230704052,-0.2391303020027826,-0.2481885446599603,-1.1458284637908114,Quagsire,2
-0.1668873879398123,-0.4316434380409241,-0.4441823218481596,1.7485256609359494,0.8305012546589539,1.4366111661186125,Espeon,0
1.0087208628836368,-0.4316434380409241,1.1602327832562638,-0.3920269145365312,2.088972687197687,-0.1128526118270419,Umbreon,2
-0.3628220964103872,0.1849349932290327,-1.021771759685752,0.3724561481322118,-1.0751840574711278,0.7823931265415582,Murkrow,1
1.0087208628836368,-0.1233542224059457,0.1975837201936097,0.8311459857334578,1.3698461543184108,-1.3179911057847729,Slowking,2
-0.3628220964103872,-0.5857880458584134,-0.4441823218481596,0.3724561481322118,0.4709379882193158,0.5757979561488044,Misdreavus,0
-0.8330653967397669,-0.2158409870964392,-0.8292419470732213,-0.0250750444555345,-0.8594460976073449,-0.6982055946065113,Unown,1
4.731480323824559,-1.418168928072855,-0.5083589260523366,-1.2176686222187738,-0.4998828311677069,-1.214693520588396,Wobbuffet,2
0.0290473205307624,0.0307903854115435,-0.2837408113377173,0.5253527606659605,-0.2481885446599603,0.5757979561488044,Girafarig,0
-0.754691513351537,-0.4316434380409241,0.5184667412144943,-1.1565099772052745,-1.3268783439788745,-1.8344790317666575,Pineco,1
0.2249820290013373,0.3390796010465219,2.1228818463189176,-0.3920269145365312,-0.4279701778797793,-0.9736658217968498,Forretress,2
1.2046555713542115,-0.2774988302234349,-0.1232993008272749,-0.2391303020027826,-0.2481885446599603,-0.8015031798028882,Dunsparce,2
-0.1668873879398123,-0.1233542224059457,0.9997912727458214,-1.1565099772052745,-0.2481885446599603,0.5757979561488044,Gligar,2
0.2249820290013373,0.1849349932290327,4.048179972444226,-0.5449235270702799,-0.2481885446599603,-1.3179911057847729,Steelix,2
0.2249820290013373,1.4180918557689466,5.010829035506879,-0.5449235270702799,0.8305012546589539,-1.3179911057847729,SteelixMega Steelix,2
-0.3628220964103872,0.0307903854115435,-0.7650653428690443,-1.0036133646715255,-1.1470967107590553,-1.3179911057847729,Snubbull,1
0.8127861544130619,1.2639472479514573,0.0371422096831673,-0.3920269145365312,-0.4279701778797793,-0.8015031798028882,Granbull,2
-0.1668873879398123,0.4932242088640112,0.0371422096831673,-0.5449235270702799,-0.6077518110995983,0.5757979561488044,Qwilfish,1
0.0290473205307624,1.5722364635864357,0.839349762235379,-0.5449235270702799,0.2911563549994967,-0.1128526118270419,Scizor,2
0.0290473205307624,2.188814894856393,2.1228818463189176,-0.2391303020027826,1.0102828878787729,0.2314726721608812,ScizorMega Scizor,2
-1.930299764174986,-2.1272341240333055,5.010829035506879,-1.9209930398740176,5.684605351594067,-2.1788043157545807,Shuckle,2
0.4209167374719121,1.4180918557689466,0.0371422096831673,-1.0036133646715255,0.8305012546589539,0.5757979561488044,Heracross,2
0.4209167374719121,3.267827149578818,1.320674293766706,-1.0036133646715255,1.1900645210985918,0.2314726721608812,HeracrossMega Heracross,2
-0.558756804880962,0.4932242088640112,-0.604623832358602,-1.1565099772052745,0.1113747217796777,1.6087738081125738,Sneasel,0
-0.3628220964103872,0.0307903854115435,-0.7650653428690443,-0.6978201396040286,-0.7875334443194173,-0.9736658217968498,Teddiursa,1
0.8127861544130619,1.5722364635864357,0.0371422096831673,0.0666629230647146,0.1113747217796777,-0.4571778958149651,Ursaring,2
-1.146560930292687,-1.2023664771283702,-1.085948363889929,-0.086233689469034,-1.1470967107590553,-1.662316389772696,Slugma,1
-0.754691513351537,-0.8940772614933918,1.4811158042771484,0.2195595355984632,0.2911563549994967,-1.3179911057847729,Magcargo,2
-0.754691513351537,-0.8940772614933918,-1.085948363889929,-1.309406589739023,-1.5066599771986935,-0.6293405378089266,Swinub,1
1.2046555713542115,0.6473688166815004,0.1975837201936097,-0.3920269145365312,-0.4279701778797793,-0.6293405378089266,Piloswine,2
-0.558756804880962,-0.7399326536759026,0.358025230704052,-0.2391303020027826,0.4709379882193158,-1.1458284637908114,Corsola,1
-1.3424956387632614,-0.4316434380409241,-1.2463898744003714,-0.2391303020027826,-1.3268783439788745,-0.1128526118270419,Remoraid,1
0.2249820290013373,0.8015134244989897,0.0371422096831673,0.9840425982672064,0.1113747217796777,-0.8015031798028882,Octillery,2
-0.9506262218221118,-0.7399326536759026,-0.9255068533794868,-0.2391303020027826,-0.9673150775392364,0.2314726721608812,Delibird,1
-0.1668873879398123,-1.2023664771283702,-0.1232993008272749,0.2195595355984632,2.4485359536373252,0.0593100301669196,Mantine,2
-0.1668873879398123,0.0307903854115435,2.1228818463189176,-1.0036133646715255,-0.0684069114401412,0.0593100301669196,Skarmory,2
-0.9506262218221118,-0.5857880458584134,-1.4068313849108136,0.2195595355984632,-0.7875334443194173,-0.1128526118270419,Houndour,1
0.2249820290013373,0.3390796010465219,-0.7650653428690443,1.136939210800955,0.2911563549994967,0.9201232401367276,Houndoom,0
0.2249820290013373,0.3390796010465219,0.5184667412144943,2.054318886003447,0.6507196214391349,1.6087738081125738,HoundoomMega Houndoom,0
0.2249820290013373,0.4932242088640112,0.6789082517249367,0.6782493731997091,0.8305012546589539,0.5757979561488044,Kingdra,0
0.8127861544130619,-0.5857880458584134,-0.4441823218481596,-1.0036133646715255,-1.1470967107590553,-0.9736658217968498,Phanpy,1
0.8127861544130619,1.2639472479514573,1.4811158042771484,-0.3920269145365312,-0.4279701778797793,-0.6293405378089266,Donphan,2
0.616851445942487,0.0307903854115435,0.5184667412144943,0.9840425982672064,0.8305012546589539,-0.2850152538210035,Porygon2,2
0.1466081456131074,0.4932242088640112,-0.3800057176439827,0.3724561481322118,-0.2481885446599603,0.5757979561488044,Stantler,0
-0.558756804880962,-1.8189449083983271,-1.2463898744003714,-1.6151998148065203,-0.9673150775392364,0.2314726721608812,Smeargle,1
-1.3424956387632614,-1.3565110849458597,-1.2463898744003714,-1.1565099772052745,-1.3268783439788745,-1.1458284637908114,Tyrogue,1
-0.754691513351537,0.4932242088640112,0.6789082517249367,-1.1565099772052745,1.3698461543184108,0.0593100301669196,Hitmontop,2
-0.9506262218221118,-1.5106556927633488,-1.8881559164421409,0.3724561481322118,-0.2481885446599603,-0.1128526118270419,Smoochum,1
-0.9506262218221118,-0.4933012811679198,-1.1822132701961945,-0.2391303020027826,-0.6077518110995983,0.9201232401367276,Elekid,1
-0.9506262218221118,-0.1233542224059457,-1.1822132701961945,-0.086233689469034,-0.6077518110995983,0.5069328993512198,Magby,1
1.0087208628836368,0.0307903854115435,0.9997912727458214,-1.0036133646715255,-0.0684069114401412,1.0922858821306891,Miltank,2
7.278631533942032,-2.1272341240333055,-2.048597426952583,0.0666629230647146,2.268754320417506,-0.4571778958149651,Blissey,2
0.8127861544130619,0.1849349932290327,0.0371422096831673,1.2898358233347036,1.0102828878787729,1.6087738081125738,Raikou,0
1.792459696765936,1.109802640133968,0.358025230704052,0.5253527606659605,0.1113747217796777,1.0922858821306891,Entei,0
1.2046555713542115,-0.1233542224059457,1.320674293766706,0.5253527606659605,1.5496277875382298,0.5757979561488044,Suicune,2
-0.754691513351537,-0.462472359604422,-0.7650653428690443,-0.8507167521377771,-0.7875334443194173,-0.9392332933980576,Larvitar,1
0.0290473205307624,0.1541060716655349,-0.1232993008272749,-0.2391303020027826,-0.0684069114401412,-0.5949080094101343,Pupitar,2
1.2046555713542115,1.6955521498404271,1.1602327832562638,0.6782493731997091,1.0102828878787729,-0.2505827254222112,Tyranitar,2
1.2046555713542115,2.620419796745362,2.4437648673398025,0.6782493731997091,1.729409420758049,0.0937425585657119,TyranitarMega Tyranitar,2
1.4397772215189013,0.3390796010465219,1.801998825298033,0.5253527606659605,2.9519245266528182,1.4366111661186125,Lugia,0
1.4397772215189013,1.5722364635864357,0.5184667412144943,1.136939210800955,2.9519245266528182,0.7479605981427659,Ho-oh,0
1.2046555713542115,0.6473688166815004,0.839349762235379,0.8311459857334578,1.0102828878787729,1.0922858821306891,Celebi,0
-1.146560930292687,-1.0482218693108811,-1.2463898744003714,-0.2391303020027826,-0.6077518110995983,0.0593100301669196,Treecko,1
-0.754691513351537,-0.4316434380409241,-0.9255068533794868,0.3724561481322118,-0.2481885446599603,0.9201232401367276,Grovyle,1
0.0290473205307624,0.1849349932290327,-0.2837408113377173,0.9840425982672064,0.4709379882193158,1.7809364501065357,Sceptile,0
0.0290473205307624,0.9556580323164788,0.0371422096831673,2.2072154985371952,0.4709379882193158,2.6417496600763433,SceptileMega Sceptile,0
-0.9506262218221118,-0.5857880458584134,-1.085948363889929,-0.086233689469034,-0.7875334443194173,-0.8015031798028882,Torchic,1
-0.3628220964103872,0.1849349932290327,-0.4441823218481596,0.3724561481322118,-0.4279701778797793,-0.4571778958149651,Combusken,1
0.4209167374719121,1.2639472479514573,-0.1232993008272749,1.136939210800955,-0.0684069114401412,0.4036353141548428,Blaziken,0
0.4209167374719121,2.497104110491371,0.1975837201936097,1.7485256609359494,0.2911563549994967,1.0922858821306891,BlazikenMega Blaziken,0
-0.754691513351537,-0.2774988302234349,-0.7650653428690443,-0.6978201396040286,-0.7875334443194173,-0.9736658217968498,Mudkip,1
0.0290473205307624,0.1849349932290327,-0.1232993008272749,-0.3920269145365312,-0.0684069114401412,-0.6293405378089266,Marshtomp,2
1.2046555713542115,0.9556580323164788,0.5184667412144943,0.3724561481322118,0.6507196214391349,-0.2850152538210035,Swampert,2
1.2046555713542115,2.188814894856393,1.1602327832562638,0.6782493731997091,1.3698461543184108,0.0593100301669196,SwampertMega Swampert,2
-1.3424956387632614,-0.7399326536759026,-1.2463898744003714,-1.309406589739023,-1.5066599771986935,-1.1458284637908114,Poochyena,1
0.0290473205307624,0.3390796010465219,-0.1232993008272749,-0.3920269145365312,-0.4279701778797793,0.0593100301669196,Mightyena,1
-1.2249348136809166,-1.5106556927633488,-1.0538600617878404,-1.309406589739023,-1.1111403841150915,-0.2850152538210035,Zigzagoon,1
0.3425428540836822,-0.2774988302234349,-0.4120940197460712,-0.6978201396040286,-0.3920138512358155,1.0922858821306891,Linoone,1
-0.9506262218221118,-1.0482218693108811,-1.2463898744003714,-1.6151998148065203,-1.5066599771986935,-1.662316389772696,Wurmple,1
-0.754691513351537,-1.3565110849458597,-0.604623832358602,-1.4623032022727716,-1.6864416104185125,-1.8344790317666575,Silcoon,1
-0.3628220964103872,-0.2774988302234349,-0.7650653428690443,0.8311459857334578,-0.7875334443194173,-0.1128526118270419,Beautifly,1
-0.754691513351537,-1.3565110849458597,-0.604623832358602,-1.4623032022727716,-1.6864416104185125,-1.8344790317666575,Cascoon,1
-0.3628220964103872,-0.8940772614933918,-0.1232993008272749,-0.6978201396040286,0.6507196214391349,-0.1128526118270419,Dustox,1
-1.146560930292687,-1.5106556927633488,-1.4068313849108136,-1.0036133646715255,-0.7875334443194173,-1.3179911057847729,Lotad,1
-0.3628220964103872,-0.8940772614933918,-0.7650653428690443,-0.3920269145365312,-0.0684069114401412,-0.6293405378089266,Lombre,1
0.4209167374719121,-0.2774988302234349,-0.1232993008272749,0.5253527606659605,1.0102828878787729,0.0593100301669196,Ludicolo,2
-1.146560930292687,-1.2023664771283702,-0.7650653428690443,-1.309406589739023,-1.5066599771986935,-1.3179911057847729,Seedot,1
0.0290473205307624,-0.2774988302234349,-1.085948363889929,-0.3920269145365312,-1.1470967107590553,-0.2850152538210035,Nuzleaf,1
0.8127861544130619,0.6473688166815004,-0.4441823218481596,0.5253527606659605,-0.4279701778797793,0.4036353141548428,Shiftry,0
-1.146560930292687,-0.7399326536759026,-1.4068313849108136,-1.309406589739023,-1.5066599771986935,0.5757979561488044,Taillow,1
-0.3628220964103872,0.1849349932290327,-0.4441823218481596,-0.6978201396040286,-0.7875334443194173,1.953099092100497,Swellow,0
-1.146560930292687,-1.5106556927633488,-1.4068313849108136,-0.5449235270702799,-1.5066599771986935,0.5757979561488044,Wingull,1
-0.3628220964103872,-0.8940772614933918,0.839349762235379,0.3724561481322118,-0.0684069114401412,-0.1128526118270419,Pelipper,2
-1.6168042306220662,-1.6648003005808378,-1.567272895421256,-0.8507167521377771,-1.3268783439788745,-0.9736658217968498,Ralts,1
-1.2249348136809166,-1.3565110849458597,-1.2463898744003714,-0.2391303020027826,-0.6077518110995983,-0.6293405378089266,Kirlia,1
-0.0493265628574674,-0.4316434380409241,-0.2837408113377173,1.5956290484022009,1.5496277875382298,0.4036353141548428,Gardevoir,0
-0.0493265628574674,0.1849349932290327,-0.2837408113377173,2.81880194867219,2.268754320417506,1.0922858821306891,GardevoirMega Gardevoir,0
-1.146560930292687,-1.5106556927633488,-1.342654780706637,-0.6978201396040286,-0.7156207910314898,-0.1128526118270419,Surskit,1
0.0290473205307624,-0.5857880458584134,-0.3800057176439827,0.2195595355984632,0.3630690082874244,-0.2850152538210035,Masquerain,1
-0.3628220964103872,-1.2023664771283702,-0.4441823218481596,-1.0036133646715255,-0.4279701778797793,-1.1458284637908114,Shroomish,1
-0.3628220964103872,1.5722364635864357,0.1975837201936097,-0.3920269145365312,-0.4279701778797793,0.0593100301669196,Breloom,2
-0.3628220964103872,-0.5857880458584134,-0.4441823218481596,-1.1565099772052745,-1.3268783439788745,-1.3179911057847729,Slakoth,1
0.4209167374719121,0.0307903854115435,0.1975837201936097,-0.5449235270702799,-0.6077518110995983,0.7479605981427659,Vigoroth,2
3.16400265605996,2.497104110491371,0.839349762235379,0.6782493731997091,-0.2481885446599603,1.0922858821306891,Slaking,0
-1.4992434055397212,-1.0482218693108811,0.5184667412144943,-1.309406589739023,-1.5066599771986935,-0.9736658217968498,Nincada,1
-0.3236351547162722,0.3390796010465219,-0.9255068533794868,-0.6978201396040286,-0.7875334443194173,3.158237586058228,Ninjask,0
-2.6748516563631703,0.3390796010465219,-0.9255068533794868,-1.309406589739023,-1.5066599771986935,-0.9736658217968498,Shedinja,1
-0.2060743296339273,-0.863248339929894,-1.631449499625433,-0.6672408170972788,-1.75835426370644,-1.3868561625823577,Whismur,1
0.577664504248372,-0.2466699086599371,-0.9896834575836636,-0.0556543669622842,-1.039227730827164,-0.6982055946065113,Loudred,1
1.3614033381306714,0.3699085226100198,-0.3479174155418942,0.5559320831727103,0.0394620684917501,-0.0095550266306649,Exploud,0
0.1074212039189924,-0.5857880458584134,-1.4068313849108136,-1.6151998148065203,-1.5066599771986935,-1.4901537477787343,Makuhita,1
2.92888100589527,1.2639472479514573,-0.4441823218481596,-1.0036133646715255,-0.4279701778797793,-0.6293405378089266,Hariyama,2
-0.754691513351537,-1.8189449083983271,-1.085948363889929,-1.6151998148065203,-1.1470967107590553,-1.662316389772696,Azurill,1
-1.5384303472338363,-1.0482218693108811,1.9624403358084752,-0.8507167521377771,0.6507196214391349,-1.3179911057847729,Nosepass,2
-0.754691513351537,-1.0482218693108811,-0.9255068533794868,-1.1565099772052745,-1.3268783439788745,-0.6293405378089266,Skitty,1
0.0290473205307624,-0.4316434380409241,-0.2837408113377173,-0.5449235270702799,-0.6077518110995983,0.0593100301669196,Delcatty,1
-0.754691513351537,-0.1233542224059457,0.0371422096831673,-0.2391303020027826,-0.2481885446599603,-0.6293405378089266,Sableye,1
-0.754691513351537,0.1849349932290327,1.6415573147875908,0.3724561481322118,1.5496277875382298,-1.662316389772696,SableyeMega Sableye,2
-0.754691513351537,0.1849349932290327,0.358025230704052,-0.5449235270702799,-0.6077518110995983,-0.6293405378089266,Mawile,1
-0.754691513351537,0.8015134244989897,1.6415573147875908,-0.5449235270702799,0.8305012546589539,-0.6293405378089266,MawileMega Mawile,2
-0.754691513351537,-0.2774988302234349,0.839349762235379,-1.0036133646715255,-1.1470967107590553,-1.3179911057847729,Aron,1
-0.3628220964103872,0.3390796010465219,2.1228818463189176,-0.6978201396040286,-0.7875334443194173,-0.9736658217968498,Lairon,2
0.0290473205307624,0.9556580323164788,3.4064139304024565,-0.3920269145365312,-0.4279701778797793,-0.6293405378089266,Aggron,2
0.0290473205307624,1.8805256792214144,5.010829035506879,-0.3920269145365312,0.2911563549994967,-0.6293405378089266,AggronMega Aggron,2
-1.5384303472338363,-1.2023664771283702,-0.604623832358602,-1.0036133646715255,-0.6077518110995983,-0.2850152538210035,Meditite,1
-0.3628220964103872,-0.5857880458584134,0.0371422096831673,-0.3920269145365312,0.1113747217796777,0.4036353141548428,Medicham,1
-0.3628220964103872,0.6473688166815004,0.358025230704052,0.2195595355984632,0.4709379882193158,1.0922858821306891,MedichamMega Medicham,0
-1.146560930292687,-1.0482218693108811,-1.085948363889929,-0.2391303020027826,-1.1470967107590553,-0.1128526118270419,Electrike,1
0.0290473205307624,-0.1233542224059457,-0.4441823218481596,0.9840425982672064,-0.4279701778797793,1.2644485241246506,Manectric,0
0.0290473205307624,-0.1233542224059457,0.1975837201936097,1.9014222734696984,0.2911563549994967,2.2974243760884203,ManectricMega Manectric,0
-0.3628220964103872,-0.8940772614933918,-1.085948363889929,0.3724561481322118,0.1113747217796777,0.9201232401367276,Plusle,1
-0.3628220964103872,-1.2023664771283702,-0.7650653428690443,0.0666629230647146,0.4709379882193158,0.9201232401367276,Minun,1
-0.1668873879398123,-0.1850120655329414,-0.604623832358602,-0.7895581071242777,0.1113747217796777,0.5757979561488044,Volbeat,1
-0.1668873879398123,-0.9865640261838854,-0.604623832358602,0.0055042780512151,0.1113747217796777,0.5757979561488044,Illumise,1
-0.754691513351537,-0.5857880458584134,-0.9255068533794868,0.8311459857334578,0.2911563549994967,-0.1128526118270419,Roselia,1
0.0290473205307624,-1.1098797124378768,-0.6688004365627789,-0.9118753971512766,-0.6796644643875259,-0.9736658217968498,Gulpin,1
1.2046555713542115,-0.1850120655329414,0.2938486264998751,0.0055042780512151,0.3990253349313882,-0.4571778958149651,Swalot,2
-0.9506262218221118,0.3390796010465219,-1.7277144059316982,-0.2391303020027826,-1.8662232436383317,-0.1128526118270419,Carvanha,1
0.0290473205307624,1.2639472479514573,-1.085948363889929,0.6782493731997091,-1.1470967107590553,0.9201232401367276,Sharpedo,0
0.0290473205307624,1.8805256792214144,-0.1232993008272749,1.136939210800955,-0.2481885446599603,1.2644485241246506,SharpedoMega Sharpedo,0
2.380263822177661,-0.2774988302234349,-1.2463898744003714,-0.086233689469034,-1.3268783439788745,-0.2850152538210035,Wailmer,1
3.9477414899422594,0.3390796010465219,-0.9255068533794868,0.5253527606659605,-0.9673150775392364,-0.2850152538210035,Wailord,2
-0.3628220964103872,-0.5857880458584134,-1.085948363889929,-0.2391303020027826,-0.9673150775392364,-1.1458284637908114,Numel,1
0.0290473205307624,0.6473688166815004,-0.1232993008272749,0.9840425982672064,0.1113747217796777,-0.9736658217968498,Camerupt,2
0.0290473205307624,1.2639472479514573,0.839349762235379,2.2072154985371952,1.1900645210985918,-1.662316389772696,CameruptMega Camerupt,2
0.0290473205307624,0.1849349932290327,2.1228818463189176,0.3724561481322118,-0.0684069114401412,-1.662316389772696,Torkoal,2
-0.3628220964103872,-1.6648003005808378,-1.2463898744003714,-0.086233689469034,0.2911563549994967,-0.2850152538210035,Spoink,1
0.4209167374719121,-1.0482218693108811,-0.2837408113377173,0.5253527606659605,1.3698461543184108,0.4036353141548428,Grumpig,0
-0.3628220964103872,-0.5857880458584134,-0.4441823218481596,-0.3920269145365312,-0.4279701778797793,-0.2850152538210035,Spinda,1
-0.9506262218221118,0.6473688166815004,-0.9255068533794868,-0.8507167521377771,-0.9673150775392364,-2.0066416737606194,Trapinch,1
-0.754691513351537,-0.2774988302234349,-0.7650653428690443,-0.6978201396040286,-0.7875334443194173,0.0593100301669196,Vibrava,1
0.4209167374719121,0.6473688166815004,0.1975837201936097,0.2195595355984632,0.2911563549994967,1.0922858821306891,Flygon,0
-0.754691513351537,0.1849349932290327,-1.085948363889929,0.3724561481322118,-1.1470967107590553,-1.1458284637908114,Cacnea,1
0.0290473205307624,1.109802640133968,-0.4441823218481596,1.2898358233347036,-0.4279701778797793,-0.4571778958149651,Cacturne,0
-0.9506262218221118,-1.2023664771283702,-0.4441823218481596,-1.0036133646715255,0.1113747217796777,-0.6293405378089266,Swablu,1
0.2249820290013373,-0.2774988302234349,0.5184667412144943,-0.086233689469034,1.1900645210985918,0.4036353141548428,Altaria,2
0.2249820290013373,0.9556580323164788,1.1602327832562638,1.136939210800955,1.1900645210985918,0.4036353141548428,AltariaMega Altaria,0
0.1466081456131074,1.109802640133968,-0.4441823218481596,-0.3920269145365312,-0.4279701778797793,0.7479605981427659,Zangoose,0
0.1466081456131074,0.6473688166815004,-0.4441823218481596,0.8311459857334578,-0.4279701778797793,-0.1128526118270419,Seviper,0
0.0290473205307624,-0.7399326536759026,-0.2837408113377173,0.6782493731997091,0.4709379882193158,0.0593100301669196,Lunatone,0
0.0290473205307624,0.4932242088640112,0.358025230704052,-0.5449235270702799,-0.2481885446599603,0.0593100301669196,Solrock,2
-0.754691513351537,-0.9557351046203876,-0.9896834575836636,-0.8201374296310274,-1.1111403841150915,-0.2850152538210035,Barboach,1
1.5965249882953614,-0.0308674577154521,-0.0270343945210095,0.0972422455714643,-0.0324505847961774,-0.2850152538210035,Whiscash,2
-1.0290001052103417,0.0307903854115435,-0.2837408113377173,-0.6978201396040286,-1.3268783439788745,-1.1458284637908114,Corphish,1
-0.2452612713280423,1.2639472479514573,0.358025230704052,0.5253527606659605,-0.6077518110995983,-0.4571778958149651,Crawdaunt,2
-1.146560930292687,-1.2023664771283702,-0.604623832358602,-1.0036133646715255,-0.0684069114401412,-0.4571778958149651,Baltoy,1
-0.3628220964103872,-0.2774988302234349,0.9997912727458214,-0.086233689469034,1.729409420758049,0.2314726721608812,Claydol,2
-0.1277004462456974,-1.1715375555648724,0.1013188138873443,-0.3614475920297815,0.5428506415072434,-1.5590188045763191,Lileep,1
0.656038387636602,0.0616193069750413,0.7430848559291137,0.2501388581052129,1.2619771743865196,-0.8703682366004729,Cradily,2
-0.9506262218221118,0.4932242088640112,-0.7650653428690443,-1.0036133646715255,-0.7875334443194173,0.2314726721608812,Anorith,1
0.2249820290013373,1.4180918557689466,0.839349762235379,-0.086233689469034,0.2911563549994967,-0.8015031798028882,Armaldo,2
-1.930299764174986,-1.9730895162158164,-1.7277144059316982,-1.9209930398740176,-0.6077518110995983,0.4036353141548428,Feebas,1
1.0087208628836368,-0.5857880458584134,0.1654954180915212,0.8311459857334578,1.909191053977868,0.4380678425536351,Milotic,0
0.0290473205307624,-0.2774988302234349,-0.1232993008272749,-0.086233689469034,-0.0684069114401412,0.0593100301669196,Castform,1
-0.3628220964103872,0.3390796010465219,-0.1232993008272749,-0.3920269145365312,1.729409420758049,-0.9736658217968498,Kecleon,2
-0.9898131635162268,-0.1233542224059457,-1.2463898744003714,-0.300288947016282,-1.398790997266802,-0.8015031798028882,Shuppet,1
-0.2060743296339273,1.109802640133968,-0.2837408113377173,0.3112975031187124,-0.3201011979478879,-0.1128526118270419,Banette,0
-0.2060743296339273,2.65124871830886,0.0371422096831673,0.6170907281862097,0.3990253349313882,0.2314726721608812,BanetteMega Banette,0
-1.930299764174986,-1.2023664771283702,0.5184667412144943,-1.309406589739023,0.6507196214391349,-1.4901537477787343,Duskull,1
-1.146560930292687,-0.2774988302234349,1.801998825298033,-0.3920269145365312,2.088972687197687,-1.4901537477787343,Dusclops,2
1.165468629660097,-0.3391566733504306,0.2938486264998751,-0.0250750444555345,0.5428506415072434,-0.5949080094101343,Tropius,2
-0.1668873879398123,-0.8940772614933918,-0.1232993008272749,0.6782493731997091,0.2911563549994967,-0.1128526118270419,Chimecho,1
-0.1668873879398123,1.5722364635864357,-0.4441823218481596,0.0666629230647146,-0.4279701778797793,0.2314726721608812,Absol,0
-0.1668873879398123,2.188814894856393,-0.4441823218481596,1.2898358233347036,-0.4279701778797793,1.6087738081125738,AbsolMega Absol,0
1.0087208628836368,-1.7264581437078337,-0.8292419470732213,-1.523461847286271,-0.8594460976073449,-1.5590188045763191,Wynaut,1
-0.754691513351537,-0.8940772614933918,-0.7650653428690443,-0.6978201396040286,-0.7875334443194173,-0.6293405378089266,Snorunt,1
0.4209167374719121,0.0307903854115435,0.1975837201936097,0.2195595355984632,0.2911563549994967,0.4036353141548428,Glalie,0
0.4209167374719121,1.2639472479514573,0.1975837201936097,1.442732435868452,0.2911563549994967,1.0922858821306891,GlalieMega Glalie,0
0.0290473205307624,-1.2023664771283702,-0.7650653428690443,-0.5449235270702799,-0.7875334443194173,-1.4901537477787343,Spheal,1
0.8127861544130619,-0.5857880458584134,-0.1232993008272749,0.0666629230647146,-0.0684069114401412,-0.8015031798028882,Sealeo,2
1.5965249882953614,0.0307903854115435,0.5184667412144943,0.6782493731997091,0.6507196214391349,-0.1128526118270419,Walrein,2
-1.3424956387632614,-0.462472359604422,0.358025230704052,0.0360836005579648,-0.6077518110995983,-1.2491260489871885,Clamperl,1
-0.558756804880962,0.7706845029354917,0.9997912727458214,0.6476700506929594,0.1113747217796777,-0.560475481011342,Huntail,2
-0.558756804880962,0.1541060716655349,0.9997912727458214,1.259256500827954,0.1113747217796777,-0.560475481011342,Gorebyss,2
1.2046555713542115,0.3390796010465219,1.801998825298033,-0.8507167521377771,-0.2481885446599603,-0.4571778958149651,Relicanth,2
-1.0290001052103417,-1.5106556927633488,-0.604623832358602,-1.0036133646715255,-0.2481885446599603,0.988988296934312,Luvdisc,1
-0.9506262218221118,-0.1233542224059457,-0.4441823218481596,-1.0036133646715255,-1.5066599771986935,-0.6293405378089266,Bagon,1
-0.1668873879398123,0.4932242088640112,0.839349762235379,-0.3920269145365312,-0.7875334443194173,-0.6293405378089266,Shelgon,2
1.0087208628836368,1.726381071403925,0.1975837201936097,1.136939210800955,0.2911563549994967,1.0922858821306891,Salamence,0
1.0087208628836368,2.0346702870389035,1.801998825298033,1.442732435868452,0.6507196214391349,1.7809364501065357,SalamenceMega Salamence,0
-1.146560930292687,-0.7399326536759026,0.1975837201936097,-1.1565099772052745,-0.4279701778797793,-1.3179911057847729,Beldum,1
-0.3628220964103872,-0.1233542224059457,0.839349762235379,-0.5449235270702799,0.2911563549994967,-0.6293405378089266,Metang,2
0.4209167374719121,1.726381071403925,1.801998825298033,0.6782493731997091,0.6507196214391349,0.0593100301669196,Metagross,2
0.4209167374719121,2.0346702870389035,2.4437648673398025,0.9840425982672064,1.3698461543184108,1.4366111661186125,MetagrossMega Metagross,0
0.4209167374719121,0.6473688166815004,4.048179972444226,-0.6978201396040286,1.0102828878787729,-0.6293405378089266,Regirock,2
0.4209167374719121,-0.8940772614933918,0.839349762235379,0.8311459857334578,4.605915552275153,-0.6293405378089266,Regice,2
0.4209167374719121,-0.1233542224059457,2.4437648673398025,0.0666629230647146,2.808099220076963,-0.6293405378089266,Registeel,2
0.4209167374719121,0.0307903854115435,0.5184667412144943,1.136939210800955,2.088972687197687,1.4366111661186125,Latias,0
0.4209167374719121,0.6473688166815004,1.4811158042771484,2.054318886003447,2.808099220076963,1.4366111661186125,LatiasMega Latias,0
0.4209167374719121,0.3390796010465219,0.1975837201936097,1.7485256609359494,1.3698461543184108,1.4366111661186125,Latios,0
0.4209167374719121,1.5722364635864357,0.839349762235379,2.665905336138441,1.729409420758049,1.4366111661186125,LatiosMega Latios,0
1.2046555713542115,0.6473688166815004,0.5184667412144943,2.360112111070944,2.4485359536373252,0.7479605981427659,Kyogre,0
1.2046555713542115,2.188814894856393,0.5184667412144943,3.2774917862734356,3.167662486516601,0.7479605981427659,KyogrePrimal Kyogre,0
1.2046555713542115,2.188814894856393,2.1228818463189176,0.8311459857334578,0.6507196214391349,0.7479605981427659,Groudon,0
1.2046555713542115,3.113682541761328,2.764647888360687,2.360112111070944,0.6507196214391349,0.7479605981427659,GroudonPrimal Groudon,0
1.4005902798247865,2.188814894856393,0.5184667412144943,2.360112111070944,0.6507196214391349,0.9201232401367276,Rayquaza,0
1.4005902798247865,3.113682541761328,0.839349762235379,3.2774917862734356,1.0102828878787729,1.6087738081125738,RayquazaMega Rayquaza,0
1.2046555713542115,0.6473688166815004,0.839349762235379,0.8311459857334578,1.0102828878787729,1.0922858821306891,Jirachi,0
-0.754691513351537,2.188814894856393,-0.7650653428690443,2.360112111070944,-0.7875334443194173,2.813912302070305,DeoxysNormal Forme,0
-0.754691513351537,3.113682541761328,-1.7277144059316982,3.2774917862734356,-1.8662232436383317,2.813912302070305,DeoxysAttack Forme,0
-0.754691513351537,-0.2774988302234349,2.764647888360687,-0.086233689469034,3.167662486516601,0.7479605981427659,DeoxysDefense Forme,2
-0.754691513351537,0.4932242088640112,0.5184667412144943,0.6782493731997091,0.6507196214391349,3.8468881540340742,DeoxysSpeed Forme,0
-0.558756804880962,-0.3391566733504306,-0.3158291134398058,-0.8507167521377771,-0.6077518110995983,-1.2835585773859806,Turtwig,1
0.2249820290013373,0.3082506794830241,0.358025230704052,-0.5449235270702799,-0.2481885446599603,-1.111395935392019,Grotle,2
1.0087208628836368,0.924829110752981,0.9997912727458214,0.0666629230647146,0.4709379882193158,-0.4227453674161727,Torterra,2
-0.9898131635162268,-0.6474458889854091,-0.9575951554815753,-0.4531855595500307,-1.0032714041832005,-0.2505827254222112,Chimchar,1
-0.2060743296339273,-0.0308674577154521,-0.7008887386648673,0.1584008905849638,-0.7156207910314898,0.4380678425536351,Monferno,1
0.2641689706954523,0.7706845029354917,-0.0912109987251865,0.9534632757604566,-0.0324505847961774,1.3677461093210277,Infernape,0
-0.6371306882691921,-0.863248339929894,-0.6688004365627789,-0.3614475920297815,-0.5717954844556346,-0.9736658217968498,Piplup,1
-0.2060743296339273,-0.4008145164774263,-0.1874759050314519,0.2501388581052129,0.1473310484236415,-0.6293405378089266,Prinplup,1
0.577664504248372,0.2157639147925305,0.4542901370103174,1.1675185333077047,1.0462392145227366,-0.2850152538210035,Empoleon,2
-1.146560930292687,-0.7399326536759026,-1.4068313849108136,-1.309406589739023,-1.5066599771986935,-0.2850152538210035,Starly,1
-0.558756804880962,-0.1233542224059457,-0.7650653428690443,-1.0036133646715255,-1.1470967107590553,0.4036353141548428,Staravia,1
0.616851445942487,1.2639472479514573,-0.1232993008272749,-0.6978201396040286,-0.4279701778797793,1.0922858821306891,Staraptor,0
-0.4020090381045021,-1.0482218693108811,-1.085948363889929,-1.1565099772052745,-1.1470967107590553,-1.2835585773859806,Bidoof,1
0.3817297957777972,0.1849349932290327,-0.4441823218481596,-0.5449235270702799,-0.4279701778797793,0.0937425585657119,Bibarel,1
-1.2641217553750317,-1.6648003005808378,-1.0538600617878404,-1.4623032022727716,-1.1111403841150915,-1.4901537477787343,Kricketot,1
0.3033559123895673,0.1849349932290327,-0.7329770407669558,-0.5449235270702799,-0.7515771176754535,-0.1128526118270419,Kricketune,1
-0.9506262218221118,-0.4316434380409241,-1.2784781765024598,-1.0036133646715255,-1.3628346706228385,-0.8015031798028882,Shinx,1
-0.3628220964103872,0.1849349932290327,-0.7971536449711327,-0.3920269145365312,-0.8234897709633812,-0.2850152538210035,Luxio,1
0.4209167374719121,1.2639472479514573,0.1654954180915212,0.6782493731997091,0.2552000283555329,0.0593100301669196,Luxray,0
-1.146560930292687,-1.5106556927633488,-1.2463898744003714,-0.6978201396040286,-0.0684069114401412,-0.4571778958149651,Budew,1
-0.3628220964103872,-0.2774988302234349,-0.2837408113377173,1.5956290484022009,1.1900645210985918,0.7479605981427659,Roserade,0
-0.0885135045515824,1.4180918557689466,-1.085948363889929,-1.309406589739023,-1.5066599771986935,-0.3538803106185881,Cranidos,1
1.0870947462718668,2.65124871830886,-0.4441823218481596,-0.2391303020027826,-0.7875334443194173,-0.3538803106185881,Rampardos,2
-1.5384303472338363,-1.1407086340013746,1.4169392000729717,-0.9424547196580264,0.5788069681512072,-1.3179911057847729,Shieldon,1
-0.3628220964103872,-0.8324194183663961,3.021354305177395,-0.7895581071242777,2.3766233003493973,-1.3179911057847729,Bastiodon,2
-1.146560930292687,-1.5414846143268466,-0.9255068533794868,-1.339985912245773,-0.9673150775392364,-1.111395935392019,Burmy,1
-0.3628220964103872,-0.6166169674219112,0.358025230704052,0.1889802130917135,1.1900645210985918,-1.111395935392019,WormadamPlant Cloak,2
-0.3628220964103872,-3.8536151954337254e-05,0.9997912727458214,-0.422606237043281,0.4709379882193158,-1.111395935392019,WormadamSandy Cloak,2
-0.3628220964103872,-0.3083277517869328,0.6789082517249367,-0.1168130119757837,0.8305012546589539,-1.111395935392019,WormadamTrash Cloak,2
0.0290473205307624,0.4623952873005133,-0.7650653428690443,0.6476700506929594,-0.7875334443194173,-0.0784200834282496,Mothim,1
-1.5384303472338363,-1.5106556927633488,-1.021771759685752,-1.309406589739023,-1.0751840574711278,0.0593100301669196,Combee,1
0.0290473205307624,0.0307903854115435,0.903526366439556,0.2195595355984632,1.0821955411667006,-0.9736658217968498,Vespiquen,2
-0.3628220964103872,-1.0482218693108811,-0.1232993008272749,-0.8507167521377771,0.6507196214391349,0.9201232401367276,Pachirisu,1
-0.558756804880962,-0.4316434380409241,-1.2463898744003714,-0.3920269145365312,-1.5066599771986935,0.5757979561488044,Buizel,1
0.616851445942487,0.8015134244989897,-0.604623832358602,0.3724561481322118,-0.7875334443194173,1.6087738081125738,Floatzel,0
-0.9506262218221118,-1.3565110849458597,-0.9255068533794868,-0.3308682695230318,-0.6796644643875259,-1.1458284637908114,Cherubi,1
0.0290473205307624,-0.5857880458584134,-0.1232993008272749,0.4336147931457113,0.2192437017115691,0.5757979561488044,Cherrim,0
0.2641689706954523,-0.9557351046203876,-0.8292419470732213,-0.4837648820567804,-0.3560575245918517,-1.1802609921896037,Shellos,1
1.6357119299894762,0.123277150102037,-0.1874759050314519,0.5865114056794599,0.3630690082874244,-1.0080983501956422,Gastrodon,2
0.2249820290013373,0.6473688166815004,-0.2516525092356288,-0.3920269145365312,-0.2122322180159964,1.6087738081125738,Ambipom,0
0.8127861544130619,-0.8940772614933918,-1.2784781765024598,-0.3920269145365312,-1.0032714041832005,0.0593100301669196,Drifloon,1
3.16400265605996,0.0307903854115435,-0.9575951554815753,0.5253527606659605,-0.6437081377435622,0.4036353141548428,Drifblim,0
-0.558756804880962,-0.4008145164774263,-0.9575951554815753,-0.8812960746445269,-0.5717954844556346,0.5757979561488044,Buneary,1
-0.1668873879398123,-0.0925253008424478,0.3259369286019635,-0.5755028495770296,0.8664575813029176,1.2644485241246506,Lopunny,0
-0.1668873879398123,1.7572099929674228,0.6468199496228483,-0.5755028495770296,0.8664575813029176,2.2974243760884203,LopunnyMega Lopunny,0
-0.3628220964103872,-0.5857880458584134,-0.4441823218481596,0.9840425982672064,1.1900645210985918,1.2644485241246506,Mismagius,0
1.2046555713542115,1.4180918557689466,-0.7008887386648673,0.9840425982672064,-0.7156207910314898,0.0937425585657119,Honchkrow,0
-0.7938784550456519,-0.7399326536759026,-1.021771759685752,-0.9424547196580264,-1.2549656906909468,0.5757979561488044,Glameow,1
0.0682342622248774,0.0924482285385391,-0.3158291134398058,-0.2697096245095323,-0.4639265045237431,1.5054762229161969,Purugly,0
-0.9506262218221118,-1.5106556927633488,-0.7650653428690443,-0.2391303020027826,-0.7875334443194173,-0.8015031798028882,Chingling,1
-0.2452612713280423,-0.4933012811679198,-0.8613302491753098,-0.973034042164776,-1.1111403841150915,0.1970401437620889,Stunky,1
1.3222163964365563,0.4315663657370155,-0.2195642071335403,-0.0556543669622842,-0.3920138512358155,0.5413654277500121,Skuntank,0
-0.4803829214927321,-1.695629222144336,0.3901135328061405,-1.4928825247795214,0.5068943148632796,-1.5590188045763191,Bronzor,1
-0.0885135045515824,0.3082506794830241,1.3527625958687943,0.1889802130917135,1.5855841141821938,-1.214693520588396,Bronzong,2
-0.754691513351537,0.0307903854115435,0.6789082517249367,-1.9209930398740176,-0.9673150775392364,-2.0066416737606194,Bonsly,1
-1.930299764174986,-1.6648003005808378,-0.9255068533794868,-0.086233689469034,0.6507196214391349,-0.2850152538210035,Mime Jr.,1
1.2046555713542115,-2.2813787318507948,-2.2090389374630255,-1.7680964273402688,-0.2481885446599603,-1.3179911057847729,Happiny,1
0.2641689706954523,-0.4316434380409241,-0.9255068533794868,0.5865114056794599,-1.0751840574711278,0.7823931265415582,Chatot,1
-0.754691513351537,0.4007374441735176,1.0960561790520869,0.5865114056794599,1.297933501030483,-1.1458284637908114,Spiritomb,2
-0.4411959797986172,-0.2774988302234349,-0.9255068533794868,-1.0036133646715255,-0.9673150775392364,-0.9048007649992652,Gible,1
-0.0493265628574674,0.3390796010465219,-0.2837408113377173,-0.6978201396040286,-0.6077518110995983,0.4725003709524274,Gabite,1
1.5181511049071312,1.5722364635864357,0.6789082517249367,0.2195595355984632,0.4709379882193158,1.1611509389282737,Garchomp,0
1.5181511049071312,2.8053933261263495,1.320674293766706,1.442732435868452,0.8305012546589539,0.8168256549403505,GarchompMega Garchomp,0
2.5761985306482353,0.1849349932290327,-1.085948363889929,-1.0036133646715255,0.4709379882193158,-2.1788043157545807,Munchlax,2
-1.146560930292687,-0.2774988302234349,-1.085948363889929,-1.1565099772052745,-1.1470967107590553,-0.2850152538210035,Riolu,1
0.0290473205307624,0.9556580323164788,-0.1232993008272749,1.2898358233347036,-0.0684069114401412,0.7479605981427659,Lucario,0
0.0290473205307624,2.0346702870389035,0.4542901370103174,2.054318886003447,-0.0684069114401412,1.5054762229161969,LucarioMega Lucario,0
-0.0493265628574674,-0.2158409870964392,0.1334071159894327,-1.0647720096850253,-1.0751840574711278,-1.2491260489871885,Hippopotas,1
1.5181511049071312,1.0173158754434746,1.4169392000729717,-0.1473923344825334,0.0035057418477863,-0.7326381230053036,Hippowdon,2
-1.146560930292687,-0.8940772614933918,0.5184667412144943,-1.309406589739023,-0.6077518110995983,-0.1128526118270419,Skorupi,1
0.0290473205307624,0.3390796010465219,1.1602327832562638,-0.3920269145365312,0.1113747217796777,0.9201232401367276,Drapion,2
-0.8330653967397669,-0.5549591242949156,-1.085948363889929,-0.3614475920297815,-1.1470967107590553,-0.6293405378089266,Croagunk,1
0.538477562554257,0.8323423460624875,-0.2837408113377173,0.4030354706389615,-0.2481885446599603,0.5757979561488044,Toxicroak,0
0.1857950873072223,0.6473688166815004,-0.059122696623098,0.5253527606659605,0.0035057418477863,-0.7670706514040959,Carnivine,2
-0.7938784550456519,-0.9249061830568897,-0.5725355302565135,-0.7283994621107782,-0.3920138512358155,-0.0784200834282496,Finneon,1
-0.0101396211633524,-0.3083277517869328,0.0692305117852558,-0.1168130119757837,0.5068943148632796,0.7823931265415582,Lumineon,0
-0.9506262218221118,-1.8189449083983271,-0.7650653428690443,-0.3920269145365312,1.729409420758049,-0.6293405378089266,Mantyke,1
-0.3628220964103872,-0.5241302027314176,-0.7650653428690443,-0.3308682695230318,-0.4279701778797793,-0.9736658217968498,Snover,1
0.8127861544130619,0.4007374441735176,0.0371422096831673,0.5865114056794599,0.4709379882193158,-0.2850152538210035,Abomasnow,2
0.8127861544130619,1.6338943067134315,0.9997912727458214,1.809684305949449,1.1900645210985918,-1.3179911057847729,AbomasnowMega Abomasnow,2
0.0290473205307624,1.2639472479514573,-0.2837408113377173,-0.8507167521377771,0.4709379882193158,1.953099092100497,Weavile,0
0.0290473205307624,-0.2774988302234349,1.320674293766706,1.7485256609359494,0.6507196214391349,-0.2850152538210035,Magnezone,2
1.5965249882953614,0.1849349932290327,0.6789082517249367,0.2195595355984632,0.8305012546589539,-0.6293405378089266,Lickilicky,2
1.792459696765936,1.8805256792214144,1.801998825298033,-0.5449235270702799,-0.6077518110995983,-0.9736658217968498,Rhyperior,2
1.2046555713542115,0.6473688166815004,1.6415573147875908,1.136939210800955,-0.7875334443194173,-0.6293405378089266,Tangrowth,2
0.2249820290013373,1.3564340126419507,-0.2195642071335403,0.6782493731997091,0.4709379882193158,0.9201232401367276,Electivire,0
0.2249820290013373,0.4932242088640112,-0.2195642071335403,1.5956290484022009,0.8305012546589539,0.5069328993512198,Magmortar,0
0.616851445942487,-0.8940772614933918,0.6789082517249367,1.442732435868452,1.5496277875382298,0.4036353141548428,Togekiss,0
0.656038387636602,-0.0925253008424478,0.3901135328061405,1.3204151458414533,-0.5717954844556346,0.9201232401367276,Yanmega,0
-0.1668873879398123,0.9556580323164788,1.801998825298033,-0.3920269145365312,-0.2481885446599603,0.9201232401367276,Leafeon,2
-0.1668873879398123,-0.5857880458584134,1.1602327832562638,1.7485256609359494,0.8305012546589539,-0.1128526118270419,Glaceon,2
0.2249820290013373,0.4932242088640112,1.6415573147875908,-0.8507167521377771,0.1113747217796777,0.9201232401367276,Gliscor,2
1.5965249882953614,1.5722364635864357,0.1975837201936097,-0.086233689469034,-0.4279701778797793,0.4036353141548428,Mamoswine,0
0.616851445942487,0.0307903854115435,-0.1232993008272749,1.9014222734696984,0.1113747217796777,0.7479605981427659,Porygon-Z,0
-0.0493265628574674,1.4180918557689466,-0.2837408113377173,-0.2391303020027826,1.5496277875382298,0.4036353141548428,Gallade,0
-0.0493265628574674,2.65124871830886,0.6789082517249367,-0.2391303020027826,1.5496277875382298,1.4366111661186125,GalladeMega Gallade,0
-0.3628220964103872,-0.7399326536759026,2.28332335682936,0.0666629230647146,2.808099220076963,-0.9736658217968498,Probopass,2
-0.9506262218221118,0.6473688166815004,1.9624403358084752,-0.2391303020027826,2.268754320417506,-0.8015031798028882,Dusknoir,2
0.0290473205307624,0.0307903854115435,-0.1232993008272749,0.2195595355984632,-0.0684069114401412,1.4366111661186125,Froslass,0
-0.754691513351537,-0.8940772614933918,0.1013188138873443,0.6782493731997091,0.1832873750676053,0.7823931265415582,Rotom,0
-0.754691513351537,-0.4316434380409241,1.0639678769499985,0.9840425982672064,1.2619771743865196,0.6102304845475967,RotomHeat Rotom,0
-0.754691513351537,-0.4316434380409241,1.0639678769499985,0.9840425982672064,1.2619771743865196,0.6102304845475967,RotomWash Rotom,0
-0.754691513351537,-0.4316434380409241,1.0639678769499985,0.9840425982672064,1.2619771743865196,0.6102304845475967,RotomFrost Rotom,0
-0.754691513351537,-0.4316434380409241,1.0639678769499985,0.9840425982672064,1.2619771743865196,0.6102304845475967,RotomFan Rotom,0
-0.754691513351537,-0.4316434380409241,1.0639678769499985,0.9840425982672064,1.2619771743865196,0.6102304845475967,RotomMow Rotom,0
0.2249820290013373,-0.1233542224059457,1.801998825298033,0.0666629230647146,2.088972687197687,0.9201232401367276,Uxie,2
0.4209167374719121,0.8015134244989897,0.9997912727458214,0.9840425982672064,1.1900645210985918,0.4036353141548428,Mesprit,0
0.2249820290013373,1.4180918557689466,-0.1232993008272749,1.5956290484022009,-0.0684069114401412,1.6087738081125738,Azelf,0
1.2046555713542115,1.2639472479514573,1.4811158042771484,2.360112111070944,1.0102828878787729,0.7479605981427659,Dialga,0
0.8127861544130619,1.2639472479514573,0.839349762235379,2.360112111070944,1.729409420758049,1.0922858821306891,Palkia,0
0.8519730961071769,0.3390796010465219,1.03187957484791,1.7485256609359494,1.2260208477425556,0.3003377289584658,Heatran,0
1.5965249882953614,2.497104110491371,1.1602327832562638,0.2195595355984632,1.3698461543184108,1.0922858821306891,Regigigas,0
3.16400265605996,0.6473688166815004,1.4811158042771484,0.8311459857334578,1.729409420758049,0.7479605981427659,GiratinaAltered Forme,2
3.16400265605996,1.2639472479514573,0.839349762235379,1.442732435868452,1.0102828878787729,0.7479605981427659,GiratinaOrigin Forme,0
1.988394405236511,-0.2774988302234349,1.4811158042771484,0.0666629230647146,2.088972687197687,0.5757979561488044,Cresselia,2
0.4209167374719121,0.0307903854115435,0.1975837201936097,0.2195595355984632,0.2911563549994967,0.4036353141548428,Phione,0
1.2046555713542115,0.6473688166815004,0.839349762235379,0.8311459857334578,1.0102828878787729,1.0922858821306891,Manaphy,0
0.0290473205307624,0.3390796010465219,0.5184667412144943,1.9014222734696984,0.6507196214391349,1.953099092100497,Darkrai,0
1.2046555713542115,0.6473688166815004,0.839349762235379,0.8311459857334578,1.0102828878787729,1.0922858821306891,ShayminLand Forme,0
1.2046555713542115,0.7398555813719939,0.0371422096831673,1.442732435868452,0.1113747217796777,2.0219641488980815,ShayminSky Forme,0
1.988394405236511,1.2639472479514573,1.4811158042771484,1.442732435868452,1.729409420758049,1.7809364501065357,Arceus,0
1.2046555713542115,0.6473688166815004,0.839349762235379,0.8311459857334578,1.0102828878787729,1.0922858821306891,Victini,0
-0.9506262218221118,-1.0482218693108811,-0.604623832358602,-0.8507167521377771,-0.6077518110995983,-0.1817176686246265,Snivy,1
-0.3628220964103872,-0.5857880458584134,0.0371422096831673,-0.3920269145365312,0.1113747217796777,0.5069328993512198,Servine,1
0.2249820290013373,-0.1233542224059457,0.6789082517249367,0.0666629230647146,0.8305012546589539,1.5399087513149892,Serperior,0
-0.1668873879398123,-0.4933012811679198,-0.9255068533794868,-0.8507167521377771,-0.9673150775392364,-0.8015031798028882,Tepig,1
0.8127861544130619,0.4315663657370155,-0.604623832358602,-0.086233689469034,-0.6077518110995983,-0.4571778958149651,Pignite,2
1.5965249882953614,1.3564340126419507,-0.2837408113377173,0.8311459857334578,-0.2481885446599603,-0.1128526118270419,Emboar,0
-0.558756804880962,-0.7399326536759026,-0.9255068533794868,-0.300288947016282,-0.9673150775392364,-0.8015031798028882,Oshawott,1
0.2249820290013373,-0.1233542224059457,-0.4441823218481596,0.3112975031187124,-0.4279701778797793,-0.2850152538210035,Dewott,1
1.0087208628836368,0.6473688166815004,0.358025230704052,1.0757805657874555,-0.0684069114401412,0.0593100301669196,Samurott,0
-0.9506262218221118,-0.7399326536759026,-1.1180366659920171,-1.1565099772052745,-1.1830530374030193,-0.9048007649992652,Patrat,1
-0.3628220964103872,0.1849349932290327,-0.1553876029293634,-0.3920269145365312,-0.104363238084105,0.3003377289584658,Watchog,1
-0.9506262218221118,-0.5857880458584134,-0.9255068533794868,-1.4623032022727716,-0.9673150775392364,-0.4571778958149651,Lillipup,1
-0.1668873879398123,0.0307903854115435,-0.2837408113377173,-1.1565099772052745,-0.2481885446599603,-0.2850152538210035,Herdier,1
0.616851445942487,0.9556580323164788,0.5184667412144943,-0.8507167521377771,0.6507196214391349,0.4036353141548428,Stoutland,2
-1.1073739885985716,-0.8940772614933918,-1.1822132701961945,-0.6978201396040286,-1.2549656906909468,-0.0784200834282496,Purrloin,1
-0.2060743296339273,0.2774217579195263,-0.7650653428690443,0.464194115652461,-0.7875334443194173,1.2988810525234429,Liepard,0
-0.754691513351537,-0.8015904968028983,-0.8292419470732213,-0.6060821720837793,-0.8594460976073449,-0.1472851402258342,Pansage,1
0.2249820290013373,0.5857109735545047,-0.3479174155418942,0.7699873407199582,-0.3201011979478879,1.1267184105294814,Simisage,0
-0.754691513351537,-0.8015904968028983,-0.8292419470732213,-0.6060821720837793,-0.8594460976073449,-0.1472851402258342,Pansear,1
0.2249820290013373,0.5857109735545047,-0.3479174155418942,0.7699873407199582,-0.3201011979478879,1.1267184105294814,Simisear,0
-0.754691513351537,-0.8015904968028983,-0.8292419470732213,-0.6060821720837793,-0.8594460976073449,-0.1472851402258342,Panpour,1
0.2249820290013373,0.5857109735545047,-0.3479174155418942,0.7699873407199582,-0.3201011979478879,1.1267184105294814,Simipour,0
0.2641689706954523,-1.6648003005808378,-0.9255068533794868,-0.1779716569892832,-0.6077518110995983,-1.5245862761775268,Munna,1
1.8316466384600512,-0.7399326536759026,0.358025230704052,1.0452012432807058,0.8305012546589539,-1.3524236341835654,Musharna,2
-0.754691513351537,-0.7399326536759026,-0.7650653428690443,-1.1259306546985246,-1.5066599771986935,-0.8703682366004729,Pidove,1
-0.2844482130221573,-0.06169637927895,-0.3800057176439827,-0.6978201396040286,-1.0751840574711278,-0.1128526118270419,Tranquill,1
0.4209167374719121,1.109802640133968,0.1975837201936097,-0.2391303020027826,-0.6077518110995983,0.8512581833391429,Unfezant,0
-0.9506262218221118,-0.5857880458584134,-1.342654780706637,-0.6978201396040286,-1.4347473239107658,0.2659052005596735,Blitzle,1
0.2249820290013373,0.6473688166815004,-0.3479174155418942,0.2195595355984632,-0.3201011979478879,1.643206336511366,Zebstrika,0
-0.558756804880962,-0.1233542224059457,0.358025230704052,-1.4623032022727716,-1.6864416104185125,-1.8344790317666575,Roggenrola,1
0.0290473205307624,0.8015134244989897,0.9997912727458214,-0.6978201396040286,-1.1470967107590553,-1.662316389772696,Boldore,2
0.616851445942487,1.726381071403925,1.801998825298033,-0.3920269145365312,0.2911563549994967,-1.4901537477787343,Gigalith,2
-0.558756804880962,-1.0482218693108811,-0.9896834575836636,-0.5449235270702799,-1.039227730827164,0.1281750869645042,Woobat,1
-0.0885135045515824,-0.6782748105489069,-0.604623832358602,0.127821568078214,-0.6077518110995983,1.5743412797137817,Swoobat,0
-0.3628220964103872,0.1849349932290327,-1.085948363889929,-1.309406589739023,-0.9673150775392364,-0.0095550266306649,Drilbur,1
1.5965249882953614,1.726381071403925,-0.4441823218481596,-0.6978201396040286,-0.2481885446599603,0.6790955413451814,Excadrill,0
1.3222163964365563,-0.5857880458584134,0.3901135328061405,-0.3920269145365312,0.5068943148632796,-0.6293405378089266,Audino,2
1.3222163964365563,-0.5857880458584134,1.6736456168896792,0.2195595355984632,1.945147380621832,-0.6293405378089266,AudinoMega Audino,2
0.2249820290013373,0.0307903854115435,-0.604623832358602,-1.4623032022727716,-1.3268783439788745,-1.1458284637908114,Timburr,1
0.616851445942487,0.8015134244989897,0.358025230704052,-1.0036133646715255,-0.7875334443194173,-0.9736658217968498,Gurdurr,2
1.4005902798247865,1.8805256792214144,0.6789082517249367,-0.5449235270702799,-0.2481885446599603,-0.8015031798028882,Conkeldurr,2
-0.754691513351537,-0.8940772614933918,-1.085948363889929,-0.6978201396040286,-1.1470967107590553,-0.1472851402258342,Tympole,1
0.2249820290013373,-0.4316434380409241,-0.604623832358602,-0.2391303020027826,-0.6077518110995983,0.0248775017681273,Palpitoad,1
1.4005902798247865,0.4932242088640112,0.0371422096831673,0.3724561481322118,0.1113747217796777,0.1970401437620889,Seismitoad,2
1.988394405236511,0.6473688166815004,0.358025230704052,-1.309406589739023,0.4709379882193158,-0.8015031798028882,Throh,2
0.2249820290013373,1.4180918557689466,0.0371422096831673,-1.309406589739023,0.1113747217796777,0.5757979561488044,Sawk,2
-0.9506262218221118,-0.8015904968028983,-0.1232993008272749,-1.0036133646715255,-0.4279701778797793,-0.9048007649992652,Sewaddle,1
-0.558756804880962,-0.4933012811679198,0.5184667412144943,-0.6978201396040286,0.2911563549994967,-0.9048007649992652,Swadloon,1
0.2249820290013373,0.7398555813719939,0.1975837201936097,-0.086233689469034,0.2911563549994967,0.8168256549403505,Leavanny,0
-1.5384303472338363,-1.0482218693108811,-0.4762706239502481,-1.309406589739023,-1.1830530374030193,-0.3883128390173804,Venipede,1
-1.146560930292687,-0.7399326536759026,0.8072614601332906,-1.0036133646715255,0.2552000283555329,-0.7326381230053036,Whirlipede,1
-0.3628220964103872,0.6473688166815004,0.4863784391124059,-0.5449235270702799,-0.104363238084105,1.5054762229161969,Scolipede,0
-1.146560930292687,-1.6031424574538422,-0.4441823218481596,-1.095351332191775,-0.7875334443194173,-0.0784200834282496,Cottonee,1
-0.3628220964103872,-0.3699855949139284,0.358025230704052,0.127821568078214,0.1113747217796777,1.643206336511366,Whimsicott,0
-0.9506262218221118,-1.3565110849458597,-0.7650653428690443,-0.086233689469034,-0.7875334443194173,-1.3179911057847729,Petilil,1
0.0290473205307624,-0.5857880458584134,0.0371422096831673,1.136939210800955,0.1113747217796777,0.7479605981427659,Lilligant,0
0.0290473205307624,0.4007374441735176,-0.2837408113377173,0.2195595355984632,-0.6077518110995983,1.0234208253331043,Basculin,0
-0.754691513351537,-0.2158409870964392,-1.2463898744003714,-1.1565099772052745,-1.3268783439788745,-0.1128526118270419,Sandile,1
-0.3628220964103872,0.0924482285385391,-0.9255068533794868,-0.8507167521377771,-0.9673150775392364,0.1970401437620889,Krokorok,1
1.0087208628836368,1.171460483260964,0.1975837201936097,-0.2391303020027826,-0.0684069114401412,0.8168256549403505,Krookodile,0
0.0290473205307624,0.3390796010465219,-0.9255068533794868,-1.7680964273402688,-0.9673150775392364,-0.6293405378089266,Darumaka,1
1.4005902798247865,1.8805256792214144,-0.604623832358602,-1.309406589739023,-0.6077518110995983,0.9201232401367276,DarmanitanStandard Mode,0
1.4005902798247865,-1.5106556927633488,0.9997912727458214,2.054318886003447,1.1900645210985918,-0.4571778958149651,DarmanitanZen Mode,2
0.2249820290013373,0.2157639147925305,-0.2195642071335403,1.014621920773956,-0.1762758913720326,-0.2850152538210035,Maractus,0
-0.754691513351537,-0.4316434380409241,0.358025230704052,-1.1565099772052745,-1.3268783439788745,-0.4571778958149651,Dwebble,1
0.0290473205307624,0.4932242088640112,1.6415573147875908,-0.2391303020027826,0.1113747217796777,-0.8015031798028882,Crustle,2
-0.754691513351537,-0.1233542224059457,-0.1232993008272749,-1.1565099772052745,-0.0684069114401412,-0.6982055946065113,Scraggy,1
-0.1668873879398123,0.3390796010465219,1.320674293766706,-0.8507167521377771,1.5496277875382298,-0.3538803106185881,Scrafty,2
0.1074212039189924,-0.6474458889854091,0.1975837201936097,0.9228839532537068,0.2911563549994967,0.988988296934312,Sigilyph,0
-1.2249348136809166,-1.5106556927633488,0.358025230704052,-0.5449235270702799,-0.2481885446599603,-1.3179911057847729,Yamask,1
-0.4411959797986172,-0.8940772614933918,2.28332335682936,0.6782493731997091,1.1900645210985918,-1.3179911057847729,Cofagrigus,2
-0.5979437465750771,-0.0308674577154521,0.9356146685416444,-0.6060821720837793,-0.9673150775392364,-1.5934513329751114,Tirtouga,1
0.1857950873072223,0.8940001891894831,1.8982637316042985,0.3112975031187124,-0.2481885446599603,-1.2491260489871885,Carracosta,2
-0.558756804880962,1.0173158754434746,-0.9255068533794868,0.0360836005579648,-0.9673150775392364,0.0593100301669196,Archen,1
0.2249820290013373,1.8805256792214144,-0.2837408113377173,1.1980978558144544,-0.2481885446599603,1.4366111661186125,Archeops,0
-0.754691513351537,-0.8940772614933918,-0.3800057176439827,-1.0036133646715255,-0.3560575245918517,-0.1128526118270419,Trubbish,1
0.4209167374719121,0.4932242088640112,0.2617603243977866,-0.3920269145365312,0.3630690082874244,0.2314726721608812,Garbodor,2
-1.146560930292687,-0.4316434380409241,-1.085948363889929,0.2195595355984632,-1.1470967107590553,-0.1128526118270419,Zorua,1
-0.3628220964103872,0.8015134244989897,-0.4441823218481596,1.442732435868452,-0.4279701778797793,1.2644485241246506,Zoroark,0
-0.558756804880962,-0.8940772614933918,-1.085948363889929,-1.0036133646715255,-1.1470967107590553,0.2314726721608812,Minccino,1
0.2249820290013373,0.4932242088640112,-0.4441823218481596,-0.2391303020027826,-0.4279701778797793,1.6087738081125738,Cinccino,0
-0.9506262218221118,-1.5106556927633488,-0.7650653428690443,-0.5449235270702799,-0.2481885446599603,-0.8015031798028882,Gothita,1
-0.3628220964103872,-1.0482218693108811,-0.1232993008272749,0.0666629230647146,0.4709379882193158,-0.4571778958149651,Gothorita,1
0.0290473205307624,-0.7399326536759026,0.6789082517249367,0.6782493731997091,1.3698461543184108,-0.1128526118270419,Gothitelle,2
-0.9506262218221118,-1.5106556927633488,-1.085948363889929,0.9840425982672064,-0.7875334443194173,-1.662316389772696,Solosis,1
-0.1668873879398123,-1.2023664771283702,-0.7650653428690443,1.5956290484022009,-0.4279701778797793,-1.3179911057847729,Duosion,1
1.5965249882953614,-0.4316434380409241,0.0371422096831673,1.5956290484022009,0.4709379882193158,-1.3179911057847729,Reuniclus,2
-0.2844482130221573,-1.079050790874379,-0.7650653428690443,-0.8812960746445269,-0.7875334443194173,-0.4571778958149651,Ducklett,1
0.2249820290013373,0.2465928363560284,-0.3479174155418942,0.4336147931457113,-0.3201011979478879,1.0234208253331043,Swanna,0
-1.3033086970691463,-0.8940772614933918,-0.7650653428690443,-0.2391303020027826,-0.4279701778797793,-0.8359357082016805,Vanillite,1
-0.715504571657422,-0.4316434380409241,-0.2837408113377173,0.2195595355984632,0.1113747217796777,-0.3194477822197958,Vanillish,1
0.0682342622248774,0.4932242088640112,0.358025230704052,1.136939210800955,0.8305012546589539,0.3692027857560505,Vanilluxe,0
-0.3628220964103872,-0.5857880458584134,-0.7650653428690443,-1.0036133646715255,-0.7875334443194173,0.2314726721608812,Deerling,1
0.4209167374719121,0.6473688166815004,-0.1232993008272749,-0.3920269145365312,-0.0684069114401412,0.9201232401367276,Sawsbuck,0
-0.558756804880962,-0.1233542224059457,-0.4441823218481596,0.0666629230647146,-0.4279701778797793,1.195583467327066,Emolga,0
-0.754691513351537,-0.1233542224059457,-0.9255068533794868,-1.0036133646715255,-0.9673150775392364,-0.2850152538210035,Karrablast,1
0.0290473205307624,1.726381071403925,0.9997912727458214,-0.3920269145365312,1.1900645210985918,-1.662316389772696,Escavalier,2
-0.0101396211633524,-0.7399326536759026,-0.9255068533794868,-0.5449235270702799,-0.6077518110995983,-1.8344790317666575,Foongus,1
1.7532727550718212,0.1849349932290327,-0.1232993008272749,0.3724561481322118,0.2911563549994967,-1.3179911057847729,Amoonguss,2
-0.558756804880962,-1.2023664771283702,-0.7650653428690443,-0.2391303020027826,0.4709379882193158,-0.9736658217968498,Frillish,1
1.2046555713542115,-0.5857880458584134,-0.1232993008272749,0.3724561481322118,1.1900645210985918,-0.2850152538210035,Jellicent,2
3.751806781471685,-0.1233542224059457,0.1975837201936097,-1.0036133646715255,-0.9673150775392364,-0.1128526118270419,Alomomola,2
-0.754691513351537,-0.9865640261838854,-0.7650653428690443,-0.4837648820567804,-0.7875334443194173,-0.1128526118270419,Joltik,1
0.0290473205307624,-0.06169637927895,-0.4441823218481596,0.7394080182132086,-0.4279701778797793,1.3677461093210277,Galvantula,0
-0.9898131635162268,-0.8940772614933918,0.5505550433165828,-1.4928825247795214,0.5068943148632796,-2.0066416737606194,Ferroseed,1
0.1857950873072223,0.4623952873005133,1.8340871274001216,-0.5755028495770296,1.5855841141821938,-1.662316389772696,Ferrothorn,2
-1.146560930292687,-0.7399326536759026,-0.1232993008272749,-0.8507167521377771,-0.4279701778797793,-1.3179911057847729,Klink,1
-0.3628220964103872,0.0307903854115435,0.6789082517249367,-0.086233689469034,0.4709379882193158,-0.6293405378089266,Klang,2
-0.3628220964103872,0.6473688166815004,1.320674293766706,-0.086233689469034,0.4709379882193158,0.7479605981427659,Klinklang,2
-1.3424956387632614,-0.7399326536759026,-1.085948363889929,-0.8507167521377771,-1.1470967107590553,-0.2850152538210035,Tynamo,1
-0.1668873879398123,0.1849349932290327,-0.1232993008272749,0.0666629230647146,-0.0684069114401412,-0.9736658217968498,Eelektrik,2
0.616851445942487,1.109802640133968,0.1975837201936097,0.9840425982672064,0.2911563549994967,-0.6293405378089266,Eelektross,2
-0.558756804880962,-0.7399326536759026,-0.604623832358602,0.3724561481322118,-0.6077518110995983,-1.3179911057847729,Elgyem,1
0.2249820290013373,-0.1233542224059457,0.0371422096831673,1.5956290484022009,0.8305012546589539,-0.9736658217968498,Beheeyem,2
-0.754691513351537,-1.5106556927633488,-0.604623832358602,-0.2391303020027826,-0.6077518110995983,-1.662316389772696,Litwick,1
-0.3628220964103872,-1.2023664771283702,-0.4441823218481596,0.6782493731997091,-0.4279701778797793,-0.4571778958149651,Lampent,1
-0.3628220964103872,-0.7399326536759026,0.5184667412144943,2.2072154985371952,0.6507196214391349,0.4036353141548428,Chandelure,0
-0.9114392801279968,0.2465928363560284,-0.4441823218481596,-1.309406589739023,-1.1470967107590553,-0.3883128390173804,Axew,1
-0.1277004462456974,1.171460483260964,-0.1232993008272749,-1.0036133646715255,-0.7875334443194173,-0.0439875550294573,Fraxure,1
0.2641689706954523,2.096328130165899,0.5184667412144943,-0.3920269145365312,-0.0684069114401412,0.988988296934312,Haxorus,0
-0.558756804880962,-0.2774988302234349,-1.085948363889929,-0.3920269145365312,-1.1470967107590553,-0.9736658217968498,Cubchoo,1
1.0087208628836368,0.9556580323164788,0.1975837201936097,-0.086233689469034,0.2911563549994967,-0.6293405378089266,Beartic,2
0.0290473205307624,-0.8940772614933918,-1.4068313849108136,0.6782493731997091,2.268754320417506,1.2644485241246506,Cryogonal,0
-0.754691513351537,-1.2023664771283702,0.358025230704052,-1.0036133646715255,-0.2481885446599603,-1.4901537477787343,Shelmet,1
0.4209167374719121,-0.2774988302234349,-1.085948363889929,0.8311459857334578,-0.4279701778797793,2.6417496600763433,Accelgor,0
1.5573380466012463,-0.4008145164774263,0.3259369286019635,0.2501388581052129,0.9743265612348092,-1.2491260489871885,Stunfisk,2
-0.9506262218221118,0.1849349932290327,-0.7650653428690443,-0.5449235270702799,-0.7875334443194173,-0.1128526118270419,Mienfoo,1
-0.1668873879398123,1.4180918557689466,-0.4441823218481596,0.6782493731997091,-0.4279701778797793,1.2644485241246506,Mienshao,0
0.3033559123895673,1.2639472479514573,0.5184667412144943,-0.3920269145365312,0.6507196214391349,-0.6982055946065113,Druddigon,2
-0.4020090381045021,-0.1541831439694435,-0.7650653428690443,-1.1565099772052745,-0.7875334443194173,-1.1458284637908114,Golett,1
0.7735992127189469,1.3872629342054486,0.1975837201936097,-0.5449235270702799,0.2911563549994967,-0.4571778958149651,Golurk,2
-0.9506262218221118,0.1849349932290327,-0.1232993008272749,-1.0036133646715255,-1.1470967107590553,-0.2850152538210035,Pawniard,1
-0.1668873879398123,1.4180918557689466,0.839349762235379,-0.3920269145365312,-0.0684069114401412,0.0593100301669196,Bisharp,2
1.0087208628836368,0.9556580323164788,0.6789082517249367,-1.0036133646715255,0.8305012546589539,-0.4571778958149651,Bouffalant,2
0.0290473205307624,0.123277150102037,-0.7650653428690443,-1.095351332191775,-0.7875334443194173,-0.2850152538210035,Rufflet,1
1.2046555713542115,1.3564340126419507,0.0371422096831673,-0.4837648820567804,0.1113747217796777,0.4036353141548428,Braviary,2
0.0290473205307624,-0.7399326536759026,0.0371422096831673,-0.8507167521377771,-0.2481885446599603,-0.2850152538210035,Vullaby,1
1.5965249882953614,-0.4316434380409241,0.9997912727458214,-0.5449235270702799,0.8305012546589539,0.4036353141548428,Mandibuzz,2
0.616851445942487,0.5548820519910068,-0.2516525092356288,0.9840425982672064,-0.2122322180159964,-0.1128526118270419,Heatmor,0
-0.4411959797986172,0.924829110752981,1.2244093874604407,-0.758978784617528,-0.8594460976073449,1.40217863771982,Durant,0
-0.676317629963307,-0.4316434380409241,-0.7650653428690443,-0.8507167521377771,-0.7875334443194173,-1.0425308785944345,Deino,1
0.1074212039189924,0.1849349932290327,-0.1232993008272749,-0.2391303020027826,-0.0684069114401412,-0.3538803106185881,Zweilous,2
0.8911600378012918,0.8015134244989897,0.5184667412144943,1.5956290484022009,0.6507196214391349,1.0234208253331043,Hydreigon,0
-0.558756804880962,0.1849349932290327,-0.604623832358602,-0.6978201396040286,-0.6077518110995983,-0.2850152538210035,Larvesta,1
0.616851445942487,-0.5857880458584134,-0.2837408113377173,1.9014222734696984,1.1900645210985918,1.0922858821306891,Volcarona,0
0.8519730961071769,0.3390796010465219,1.7699105231959449,0.5253527606659605,0.0035057418477863,1.3677461093210277,Cobalion,0
0.8519730961071769,1.5414075420229378,0.5184667412144943,-0.0250750444555345,0.6507196214391349,1.3677461093210277,Terrakion,0
0.8519730961071769,0.3390796010465219,-0.059122696623098,0.5253527606659605,2.0530163605537233,1.3677461093210277,Virizion,0
0.3817297957777972,1.109802640133968,-0.1232993008272749,1.5956290484022009,0.2911563549994967,1.4710436945174046,TornadusIncarnate Forme,0
0.3817297957777972,0.6473688166815004,0.1975837201936097,1.136939210800955,0.6507196214391349,1.8153689785053275,TornadusTherian Forme,0
0.3817297957777972,1.109802640133968,-0.1232993008272749,1.5956290484022009,0.2911563549994967,1.4710436945174046,ThundurusIncarnate Forme,0
0.3817297957777972,0.8015134244989897,-0.1232993008272749,2.2072154985371952,0.2911563549994967,1.1267184105294814,ThundurusTherian Forme,0
1.2046555713542115,1.2639472479514573,0.839349762235379,2.360112111070944,1.729409420758049,0.7479605981427659,Reshiram,0
1.2046555713542115,2.188814894856393,1.4811158042771484,1.442732435868452,1.0102828878787729,0.7479605981427659,Zekrom,0
0.7735992127189469,1.4180918557689466,0.5184667412144943,1.2898358233347036,0.2911563549994967,1.1267184105294814,LandorusIncarnate Forme,0
0.7735992127189469,2.0346702870389035,0.5184667412144943,0.9840425982672064,0.2911563549994967,0.7823931265415582,LandorusTherian Forme,0
2.184329113707086,1.5722364635864357,0.5184667412144943,1.7485256609359494,0.6507196214391349,0.9201232401367276,Kyurem,0
2.184329113707086,2.8053933261263495,0.839349762235379,1.442732435868452,0.6507196214391349,0.9201232401367276,KyuremBlack Kyurem,0
2.184329113707086,1.2639472479514573,0.5184667412144943,2.9716985612059386,1.0102828878787729,0.9201232401367276,KyuremWhite Kyurem,0
0.8519730961071769,-0.2158409870964392,0.5184667412144943,1.7179463384291995,0.6507196214391349,1.3677461093210277,KeldeoOrdinary Forme,0
0.8519730961071769,-0.2158409870964392,0.5184667412144943,1.7179463384291995,0.6507196214391349,1.3677461093210277,KeldeoResolute Forme,0
1.2046555713542115,-0.06169637927895,0.1013188138873443,1.68736701592245,2.0170600339097593,0.7479605981427659,MeloettaAria Forme,0
1.2046555713542115,1.51057862045944,0.5184667412144943,0.127821568078214,0.1832873750676053,2.056396677296874,MeloettaPirouette Forme,0
0.0682342622248774,1.2639472479514573,0.6789082517249367,1.442732435868452,0.8305012546589539,1.0578533537318968,Genesect,0
-0.5195698631868471,-0.5549591242949156,-0.2837408113377173,-0.758978784617528,-0.9673150775392364,-1.0425308785944345,Chespin,1
-0.3236351547162722,-0.0308674577154521,0.6789082517249367,-0.5143442045635301,-0.4998828311677069,-0.3883128390173804,Quilladin,1
0.734412271024832,0.8631712676259853,1.545292408481325,0.0360836005579648,0.1113747217796777,-0.1472851402258342,Chesnaught,2
-1.146560930292687,-1.0482218693108811,-1.085948363889929,-0.3308682695230318,-0.4279701778797793,-0.2850152538210035,Fennekin,1
-0.4020090381045021,-0.6166169674219112,-0.5083589260523366,0.5253527606659605,-0.0684069114401412,0.1626076153632966,Braixen,1
0.2249820290013373,-0.3083277517869328,-0.059122696623098,1.259256500827954,1.0102828878787729,1.2300159957258583,Delphox,0
-1.1073739885985716,-0.7091037321124047,-1.085948363889929,-0.3308682695230318,-1.0032714041832005,0.0937425585657119,Froakie,1
-0.5979437465750771,-0.4933012811679198,-0.7008887386648673,0.3112975031187124,-0.5717954844556346,0.988988296934312,Frogadier,1
0.1074212039189924,0.4932242088640112,-0.2195642071335403,0.9228839532537068,-0.0324505847961774,1.84980150690412,Greninja,0
-1.2249348136809166,-1.3256821633823617,-1.150124968094106,-1.2482479447255237,-1.2909220173349103,-0.3883128390173804,Bunnelby,1
0.616851445942487,-0.7091037321124047,0.1013188138873443,-0.6978201396040286,0.1832873750676053,0.3347702573572582,Diggersby,2
-0.9506262218221118,-0.8940772614933918,-0.9896834575836636,-1.0036133646715255,-1.219009364046983,-0.2161501970234188,Fletchling,1
-0.2844482130221573,-0.1850120655329414,-0.604623832358602,-0.5143442045635301,-0.7156207910314898,0.5413654277500121,Fletchinder,1
0.3425428540836822,0.0616193069750413,-0.0912109987251865,0.0360836005579648,-0.104363238084105,1.9875316204992892,Talonflame,0
-1.2249348136809166,-1.3565110849458597,-1.085948363889929,-1.4011445572592722,-1.6864416104185125,-1.1458284637908114,Scatterbug,1
-0.9506262218221118,-1.7572870652713315,-0.4441823218481596,-1.4011445572592722,-1.5066599771986935,-1.3524236341835654,Spewpa,1
0.4209167374719121,-0.8324194183663961,-0.7650653428690443,0.5253527606659605,-0.7875334443194173,0.7135280697439736,Vivillon,1
-0.2844482130221573,-0.8940772614933918,-0.5083589260523366,0.0055042780512151,-0.6437081377435622,0.1281750869645042,Litleo,1
0.656038387636602,-0.3391566733504306,-0.059122696623098,1.1063598882942052,-0.2122322180159964,1.2988810525234429,Pyroar,0
-0.9898131635162268,-1.264024320255366,-1.1180366659920171,-0.3614475920297815,0.2552000283555329,-0.9048007649992652,Flabébé,1
-0.5979437465750771,-1.0482218693108811,-0.8613302491753098,0.0666629230647146,0.9383702345908452,-0.560475481011342,Floette,1
0.3425428540836822,-0.4316434380409241,-0.1874759050314519,1.1980978558144544,2.9519245266528182,0.2314726721608812,Florges,0
-0.1277004462456974,-0.4316434380409241,-0.8292419470732213,-0.3308682695230318,-0.5358391578116707,-0.560475481011342,Skiddo,1
2.105955230318856,0.6473688166815004,-0.3800057176439827,0.7394080182132086,0.3271126816434606,-0.0095550266306649,Gogoat,0
-0.0885135045515824,0.0924482285385391,-0.3800057176439827,-0.8201374296310274,-0.8594460976073449,-0.8703682366004729,Pancham,1
1.0087208628836368,1.3872629342054486,0.1334071159894327,-0.1168130119757837,-0.0324505847961774,-0.3538803106185881,Pangoro,2
0.2249820290013373,0.0307903854115435,-0.4441823218481596,-0.2391303020027826,0.6507196214391349,1.1611509389282737,Furfrou,0
-0.2844482130221573,-0.9557351046203876,-0.6367121344606904,-0.300288947016282,-0.4279701778797793,-0.0095550266306649,Espurr,1
0.1857950873072223,-0.9557351046203876,0.0692305117852558,0.3112975031187124,0.3271126816434606,1.2300159957258583,MeowsticMale,0
0.1857950873072223,-0.9557351046203876,0.0692305117852558,0.3112975031187124,0.3271126816434606,1.2300159957258583,MeowsticFemale,0
-0.9506262218221118,0.0307903854115435,0.839349762235379,-1.1565099772052745,-1.2549656906909468,-1.3868561625823577,Honedge,1
-0.4020090381045021,0.9556580323164788,2.4437648673398025,-0.8507167521377771,-0.8234897709633812,-1.1458284637908114,Doublade,2
-0.3628220964103872,2.188814894856393,-0.7650653428690443,2.360112111070944,-0.7875334443194173,-0.2850152538210035,AegislashBlade Forme,0
-0.3628220964103872,-0.8940772614933918,2.4437648673398025,-0.6978201396040286,2.808099220076963,-0.2850152538210035,AegislashShield Forme,2
0.3425428540836822,-0.8324194183663961,-0.4441823218481596,-0.300288947016282,-0.2481885446599603,-1.5590188045763191,Spritzee,1
1.2438425130483266,-0.2158409870964392,-0.059122696623098,0.800566663226708,0.614763294795171,-1.3524236341835654,Aromatisse,2
-0.2844482130221573,-0.9557351046203876,-0.2516525092356288,-0.422606237043281,-0.5358391578116707,-0.6637730662077189,Swirlix,1
0.4992906208601421,0.0307903854115435,0.3901135328061405,0.3724561481322118,0.1113747217796777,0.1281750869645042,Slurpuff,2
-0.6371306882691921,-0.7707615752394005,-0.6688004365627789,-1.095351332191775,-0.9313587508952724,-0.8015031798028882,Inkay,1
0.656038387636602,0.4007374441735176,0.4542901370103174,-0.1473923344825334,0.1113747217796777,0.1626076153632966,Malamar,2
-1.0681870469044568,-0.8324194183663961,-0.2195642071335403,-1.0341926871782754,-0.5717954844556346,-0.6293405378089266,Binacle,1
0.1074212039189924,0.8015134244989897,1.320674293766706,-0.5755028495770296,0.5068943148632796,-0.0095550266306649,Barbaracle,2
-0.754691513351537,-0.5857880458584134,-0.4441823218481596,-0.3920269145365312,-0.4279701778797793,-1.3179911057847729,Skrelp,1
-0.1668873879398123,-0.1233542224059457,0.5184667412144943,0.7394080182132086,1.8372784006899403,-0.8359357082016805,Dragalge,2
-0.754691513351537,-0.8015904968028983,-0.3800057176439827,-0.4531855595500307,-0.3201011979478879,-0.8359357082016805,Clauncher,1
0.0682342622248774,-0.1850120655329414,0.4542901370103174,1.442732435868452,0.614763294795171,-0.3194477822197958,Clawitzer,2
-0.9898131635162268,-1.264024320255366,-1.3105664786045483,-0.3614475920297815,-1.039227730827164,0.0593100301669196,Helioptile,1
-0.2844482130221573,-0.7399326536759026,-0.7008887386648673,1.1063598882942052,0.79454492801499,1.40217863771982,Heliolisk,0
-0.4411959797986172,0.3082506794830241,0.1013188138873443,-0.8507167521377771,-0.9673150775392364,-0.6982055946065113,Tyrunt,1
0.4992906208601421,1.294776169514955,1.4490275021750598,-0.1168130119757837,-0.4639265045237431,0.0937425585657119,Tyrantrum,2
0.3033559123895673,-0.6166169674219112,-0.7650653428690443,-0.1779716569892832,-0.3201011979478879,-0.7670706514040959,Amaura,1
2.105955230318856,-0.06169637927895,-0.059122696623098,0.800566663226708,0.7226322747270625,-0.3538803106185881,Aurorus,2
1.0087208628836368,-0.4316434380409241,-0.2837408113377173,1.136939210800955,2.088972687197687,-0.2850152538210035,Sylveon,2
0.3425428540836822,0.4007374441735176,0.0371422096831673,0.0360836005579648,-0.3201011979478879,1.7120713933089509,Hawlucha,0
-0.0885135045515824,-0.6474458889854091,-0.540447228154425,0.2501388581052129,-0.1762758913720326,1.1267184105294814,Dedenne,0
-0.754691513351537,-0.8940772614933918,2.4437648673398025,-0.6978201396040286,2.808099220076963,-0.6293405378089266,Carbink,2
-0.9506262218221118,-0.8940772614933918,-1.2463898744003714,-0.5449235270702799,0.1113747217796777,-0.9736658217968498,Goomy,1
-0.0493265628574674,-0.1233542224059457,-0.6688004365627789,0.3112975031187124,1.4777151342503023,-0.2850152538210035,Sliggoo,2
0.8127861544130619,0.6473688166815004,-0.1232993008272749,1.136939210800955,2.808099220076963,0.4036353141548428,Goodra,0
-0.4803829214927321,0.0307903854115435,0.5505550433165828,0.2195595355984632,0.5428506415072434,0.2314726721608812,Klefki,2
-1.0290001052103417,-0.2774988302234349,-0.8292419470732213,-0.6978201396040286,-0.4279701778797793,-1.0425308785944345,Phantump,1
0.616851445942487,0.9556580323164788,0.0692305117852558,-0.2391303020027826,0.3630690082874244,-0.4227453674161727,Trevenant,2
-0.7938784550456519,-0.4008145164774263,-0.1232993008272749,-0.8812960746445269,-0.6077518110995983,-0.5949080094101343,PumpkabooAverage Size,1
-0.9898131635162268,-0.4008145164774263,-0.1232993008272749,-0.8812960746445269,-0.6077518110995983,-0.4227453674161727,PumpkabooSmall Size,1
-0.5979437465750771,-0.4008145164774263,-0.1232993008272749,-0.8812960746445269,-0.6077518110995983,-0.7670706514040959,PumpkabooLarge Size,1
-0.4020090381045021,-0.4008145164774263,-0.1232993008272749,-0.8812960746445269,-0.6077518110995983,-0.9392332933980576,PumpkabooSuper Size,1
-0.1668873879398123,0.3390796010465219,1.545292408481325,-0.4531855595500307,0.1113747217796777,0.5413654277500121,GourgeistAverage Size,2
-0.558756804880962,0.1849349932290327,1.545292408481325,-0.4531855595500307,0.1113747217796777,1.0578533537318968,GourgeistSmall Size,2
0.2249820290013373,0.4932242088640112,1.545292408481325,-0.4531855595500307,0.1113747217796777,0.0248775017681273,GourgeistLarge Size,2
0.616851445942487,0.6473688166815004,1.545292408481325,-0.4531855595500307,0.1113747217796777,-0.4916104242137574,GourgeistSuper Size,2
-0.558756804880962,-0.3083277517869328,0.358025230704052,-1.2482479447255237,-1.3268783439788745,-1.3868561625823577,Bergmite,1
1.0087208628836368,1.171460483260964,3.5347671388108104,-0.8812960746445269,-0.9313587508952724,-1.3868561625823577,Avalugg,2
-1.146560930292687,-1.5106556927633488,-1.2463898744003714,-0.8507167521377771,-1.1470967107590553,-0.4571778958149651,Noibat,1
0.616851445942487,-0.2774988302234349,0.1975837201936097,0.7394080182132086,0.2911563549994967,1.8842340353029123,Noivern,0
2.223516055401201,1.6030653851499337,0.6789082517249367,1.7791049834426993,0.9383702345908452,1.0578533537318968,Xerneas,0
2.223516055401201,1.6030653851499337,0.6789082517249367,1.7791049834426993,0.9383702345908452,1.0578533537318968,Yveltal,0
1.5181511049071312,0.6473688166815004,1.5132041063792367,0.2501388581052129,0.8305012546589539,0.9201232401367276,Zygarde50% Forme,2
-0.754691513351537,0.6473688166815004,2.4437648673398025,0.8311459857334578,2.808099220076963,-0.6293405378089266,Diancie,2
-0.754691513351537,2.497104110491371,1.1602327832562638,2.665905336138441,1.3698461543184108,1.4366111661186125,DiancieMega Diancie,0
0.4209167374719121,0.9556580323164788,-0.4441823218481596,2.360112111070944,2.088972687197687,0.0593100301669196,HoopaHoopa Confined,0
0.4209167374719121,2.497104110491371,-0.4441823218481596,2.9716985612059386,2.088972687197687,0.4036353141548428,HoopaHoopa Unbound,0
0.4209167374719121,0.9556580323164788,1.4811158042771484,1.7485256609359494,0.6507196214391349,0.0593100301669196,Volcanion,0
